SetType,61,ObjectType
AnalogScalarSensorFunctionWithCompensationType,1000,ObjectType
ResultFileType,1001,ObjectType
LADSDeviceType,1002,ObjectType
FunctionalUnitType,1003,ObjectType
FunctionType,1004,ObjectType
BaseSensorFunctionType,1005,ObjectType
ProgramManagerType,1006,ObjectType
BaseControlFunctionType,1007,ObjectType
ControllerTuningParameterType,1008,ObjectType
AnalogControlFunctionType,1009,ObjectType
CoverStateMachineType,1010,ObjectType
CoverFunctionType,1011,ObjectType
DiscreteSensorFunctionType,1012,ObjectType
TimerControlFunctionType,1013,ObjectType
AnalogControlFunctionWithTotalizerType,1014,ObjectType
AnalogArraySensorFunctionType,1015,ObjectType
AnalogScalarSensorFunctionType,1016,ObjectType
DiscreteControlFunctionType,1017,ObjectType
ProgramTemplateType,1018,ObjectType
ProgramTemplateSetType,1019,ObjectType
ResultSetType,1020,ObjectType
ResultType,1021,ObjectType
ResultFileSetType,1022,ObjectType
FunctionalUnitSetType,1023,ObjectType
LADSComponentType,1024,ObjectType
LADSComponentsType,1025,ObjectType
FunctionSetType,1026,ObjectType
MaintenanceSetType,1027,ObjectType
MaintenanceTaskType,1028,ObjectType
AnalogControlFunctionWithRelativeTargetValueType,1029,ObjectType
PidControllerParameterType,1030,ObjectType
TwoStateDiscreteSensorFunctionType,1031,ObjectType
SupportedPropertiesSetType,1033,ObjectType
LADSOperationCountersType,1034,ObjectType
SupportedPropertyType,1035,ObjectType
RunningStateMachineType,1036,ObjectType
MultiStateDiscreteSensorFunctionType,1037,ObjectType
FunctionalStateMachineType,1038,ObjectType
LADSDeviceStateMachineType,1039,ObjectType
ActiveProgramType,1040,ObjectType
VariableSetType,1041,ObjectType
TwoStateDiscreteControlFunctionType,1042,ObjectType
FunctionalUnitStateMachineType,1043,ObjectType
ControlFunctionStateMachineType,1044,ObjectType
MultiStateDiscreteControlFunctionType,1045,ObjectType
AnalogSensorFunctionType,1046,ObjectType
MultiModeAnalogControlFunctionType,1047,ObjectType
ControllerParameterType,1048,ObjectType
ControllerParameterSetType,1049,ObjectType
LADSOperationModeStateMachineType,1050,ObjectType
MultiSensorFunctionType,1051,ObjectType
AnalogControlFunctionWithComposedTargetValueType,1052,ObjectType
MaintenanceTaskResultEnum,3000,DataType
SampleInfoType,3002,DataType
KeyValueType,3003,DataType
CoverStateMachineType_OpenedToClosed,5000,Object
BaseControlFunctionType_ControllerTuningParameter,5001,Object
LADSDeviceType_FunctionalUnitSet,5002,Object
FunctionalUnitType_Identification,5003,Object
FunctionalUnitType_Lock,5004,Object
FunctionalUnitType_FunctionalUnitState,5005,Object
MultiSensorFunctionType_FunctionSet,5006,Object
FunctionalUnitType_Operational,5007,Object
FunctionalUnitType_FunctionSet,5008,Object
AnalogControlFunctionType_Operational,5009,Object
AnalogSensorFunctionType_Tuning,5010,Object
AnalogSensorFunctionType_Operational,5011,Object
FunctionType_Configuration,5012,Object
FunctionType_FunctionSet,5013,Object
SetType_S_SetElement_,5014,Object
FunctionalUnitType_ProgramManager,5015,Object
FunctionalUnitSetType_S_SetElement_,5016,Object
MaintenanceSetType_S_SetElement_,5017,Object
MaintenanceSetType_S_SetElement__MaintenanceState,5018,Object
ProgramManagerType_ResultSet,5019,Object
ProgramManagerType_ProgramTemplateSet,5020,Object
FunctionalUnitType_ProgramManager_ProgramTemplateSet,5021,Object
FunctionalUnitType_ProgramManager_ResultSet,5022,Object
ControllerParameterSetType_S_SetElement_,5023,Object
AnalogScalarSensorFunctionType_Operational,5024,Object
CoverStateMachineType_Opened,5025,Object
Server_Namespaces_http___opcfoundation_org_UA_LADS_,5026,Object
FunctionSetType_S_SetElement_,5027,Object
CoverStateMachineType_Closed,5028,Object
ProgramTemplateSetType_S_SetElement_,5029,Object
BaseSensorFunctionType_Configuration,5030,Object
RunningStateMachineType_IdleToStarting,5031,Object
RunningStateMachineType_StartingToExecute,5032,Object
RunningStateMachineType_ExecuteToCompleting,5033,Object
RunningStateMachineType_CompletingToComplete,5034,Object
RunningStateMachineType_CompleteToResetting,5035,Object
RunningStateMachineType_ResettingToIdle,5036,Object
RunningStateMachineType_ExecuteToSuspending,5037,Object
BaseControlFunctionType_ControlFunctionState,5038,Object
RunningStateMachineType_SuspendingToSuspended,5039,Object
RunningStateMachineType_SuspendedToUnsuspending,5040,Object
RunningStateMachineType_UnsuspendingToExecute,5041,Object
DefaultBinary,5042,Object
DefaultXml,5043,Object
DefaultJson,5044,Object
DefaultBinary,5045,Object
BaseControlFunctionType_Operational,5046,Object
SupportedPropertiesSetType_SetElement,5048,Object
CoverStateMachineType_Locked,5049,Object
CoverStateMachineType_Error,5050,Object
RunningStateMachineType_ExecuteToHolding,5051,Object
RunningStateMachineType_HoldingToHeld,5052,Object
RunningStateMachineType_HeldToUnholding,5053,Object
RunningStateMachineType_UnholdingToExecute,5054,Object
CoverFunctionType_CoverState,5055,Object
DefaultXml,5056,Object
DefaultJson,5057,Object
MultiModeAnalogControlFunctionType_Operational,5058,Object
AnalogControlFunctionWithTotalizerType_Operational,5059,Object
ResultFileSetType_S_SetElement_,5060,Object
DiscreteSensorFunctionType_Operational,5061,Object
ResultSetType_S_SetElement_,5062,Object
LADSDeviceType_MachineryBuildingBlocks,5063,Object
CoverFunctionType_Operational,5064,Object
LADSComponentsType_S_Component_,5065,Object
MaintenanceTaskType_MaintenanceState,5066,Object
ResultType_VariableSet,5067,Object
BaseControlFunctionType_AlarmMonitor,5068,Object
AnalogSensorFunctionType_AlarmMonitor,5069,Object
AnalogSensorFunctionType_AlarmMonitor_LimitState,5070,Object
BaseControlFunctionType_AlarmMonitor_LimitState,5071,Object
ResultFileType_File,5072,Object
LADSComponentType_Components,5073,Object
CoverStateMachineType_ClosedToOpened,5074,Object
CoverStateMachineType_ClosedToLocked,5075,Object
MultiModeAnalogControlFunctionType_ControllerModeSet,5076,Object
CoverStateMachineType_LockedToClosed,5077,Object
CoverStateMachineType_LockedToError,5078,Object
CoverStateMachineType_ClosedToError,5079,Object
MultiSensorFunctionType_FunctionSet_S_SetElement_,5080,Object
ResultType_FileSet,5081,Object
CoverStateMachineType_ErrorToOpened,5082,Object
LADSDeviceStateMachineType_SleepToOperate,5083,Object
AnalogControlFunctionWithRelativeTargetValueType_Operational,5084,Object
FunctionalStateMachineType_Stopped,5085,Object
VariableSetType_S_SetElement_,5086,Object
AnalogControlFunctionWithComposedTargetValueType_TargetValueSet,5087,Object
LADSComponentType_MachineryBuildingBlocks,5088,Object
LADSDeviceType_MachineryBuildingBlocks_MachineryItemState,5089,Object
LADSDeviceType_MachineryBuildingBlocks_MachineryOperationMode,5090,Object
LADSDeviceType_MachineryBuildingBlocks_LifetimeCounters,5091,Object
LADSDeviceType_Maintenance,5092,Object
LADSDeviceType_MachineryBuildingBlocks_OperationCounters,5093,Object
LADSComponentType_MachineryBuildingBlocks_LifetimeCounters,5094,Object
LADSComponentType_Identification,5095,Object
LADSDeviceType_Identification,5096,Object
LADSComponentType_MachineryBuildingBlocks_OperationCounters,5097,Object
CoverStateMachineType_LockedToUnlocking,5098,Object
FunctionalStateMachineType_Running,5099,Object
FunctionalStateMachineType_Stopping,5100,Object
FunctionalStateMachineType_StoppingToStopped,5101,Object
FunctionalStateMachineType_StoppedToRunning,5102,Object
FunctionalStateMachineType_RunningToAborting,5103,Object
FunctionalStateMachineType_ClearingToStopped,5104,Object
FunctionalStateMachineType_RunningToStopping,5105,Object
LADSComponentType_Maintenance,5106,Object
CoverStateMachineType_Unlocking,5107,Object
CoverStateMachineType_Locking,5108,Object
CoverStateMachineType_Opening,5109,Object
CoverStateMachineType_Closing,5110,Object
LADSDeviceType_Components,5111,Object
ResultType_ProgramTemplate,5112,Object
TimerControlFunctionType_Operational,5113,Object
CoverStateMachineType_UnlockingToClosed,5114,Object
CoverStateMachineType_ClosedToOpening,5115,Object
FunctionalUnitType_SupportedPropertiesSet,5116,Object
RunningStateMachineType_Starting,5117,Object
RunningStateMachineType_Suspending,5118,Object
RunningStateMachineType_Resetting,5119,Object
RunningStateMachineType_Idle,5120,Object
RunningStateMachineType_Suspended,5121,Object
RunningStateMachineType_Unsuspending,5122,Object
RunningStateMachineType_Holding,5123,Object
RunningStateMachineType_Held,5124,Object
RunningStateMachineType_Unholding,5125,Object
FunctionalStateMachineType_AbortingToAborted,5126,Object
RunningStateMachineType_Completing,5127,Object
RunningStateMachineType_Complete,5128,Object
RunningStateMachineType_SuspendingToHolding,5129,Object
FunctionalStateMachineType_RunningStateMachine,5130,Object
RunningStateMachineType_StartingToHolding,5131,Object
RunningStateMachineType_SuspendedToHolding,5132,Object
RunningStateMachineType_UnsuspendingToHolding,5133,Object
RunningStateMachineType_UnholdingToHolding,5134,Object
AnalogSensorFunctionType_Calibration,5135,Object
CoverStateMachineType_OpeningToOpened,5136,Object
CoverStateMachineType_OpenedToClosing,5137,Object
CoverStateMachineType_ClosingToClosed,5138,Object
CoverStateMachineType_ClosedToLocking,5139,Object
CoverStateMachineType_LockingToLocked,5140,Object
AnalogControlFunctionType_ControlFunctionState,5141,Object
MultiStateDiscreteControlFunctionType_ControlFunctionState,5142,Object
FunctionalStateMachineType_Clearing,5143,Object
TwoStateDiscreteControlFunctionType_ControlFunctionState,5144,Object
ControllerParameterType_AlarmMonitor,5146,Object
FunctionalStateMachineType_Aborting,5159,Object
FunctionalStateMachineType_Aborted,5160,Object
FunctionalStateMachineType_AbortedToClearing,5165,Object
RunningStateMachineType_Execute,5168,Object
LADSDeviceStateMachineType_Initialization,5177,Object
LADSDeviceStateMachineType_Operate,5178,Object
LADSDeviceStateMachineType_Shutdown,5180,Object
LADSDeviceStateMachineType_InitializationToOperate,5181,Object
LADSDeviceStateMachineType_OperateToShutdown,5184,Object
ProgramManagerType_ActiveProgram,5190,Object
LADSDeviceType_DeviceState,5191,Object
FunctionalUnitType_ProgramManager_ActiveProgram,5218,Object
LADSComponentType_DeviceHealthAlarms,5258,Object
LADSDeviceStateMachineType_Sleep,5259,Object
LADSDeviceStateMachineType_OperateToSleep,5260,Object
CoverStateMachineType_OpenedToClosed_TransitionNumber,6000,Variable
AnalogControlFunctionType_CurrentValue,6001,Variable
FunctionType_IsEnabled,6002,Variable
PidControllerParameterType_CtrlP,6003,Variable
PidControllerParameterType_CtrlTd,6004,Variable
PidControllerParameterType_CtrlTi,6005,Variable
AnalogControlFunctionType_TargetValue,6006,Variable
TwoStateDiscreteSensorFunctionType_SensorValue,6007,Variable
LADSDeviceType_Identification_RevisionCounter,6008,Variable
LADSDeviceType_Identification_Manufacturer,6009,Variable
LADSDeviceType_Identification_Model,6010,Variable
AnalogControlFunctionWithTotalizerType_Operational_TotalizedValue,6011,Variable
TimerControlFunctionType_DifferenceValue,6012,Variable
FunctionalUnitType_Lock_BreakLock_OutputArguments,6013,Variable
FunctionalUnitType_Lock_ExitLock_OutputArguments,6014,Variable
FunctionalUnitType_Lock_InitLock_InputArguments,6015,Variable
FunctionalUnitType_Lock_InitLock_OutputArguments,6016,Variable
FunctionalUnitType_Lock_Locked,6017,Variable
FunctionalUnitType_Lock_LockingClient,6018,Variable
FunctionalUnitType_Lock_LockingUser,6019,Variable
FunctionalUnitType_Lock_RemainingLockTime,6020,Variable
FunctionalUnitType_Lock_RenewLock_OutputArguments,6021,Variable
BaseSensorFunctionType_Configuration_IsEnabled,6022,Variable
BaseControlFunctionType_AlarmMonitor_HighHighLimit,6023,Variable
BaseControlFunctionType_AlarmMonitor_HighLimit,6024,Variable
BaseControlFunctionType_AlarmMonitor_LowLimit,6025,Variable
BaseControlFunctionType_AlarmMonitor_LowLowLimit,6026,Variable
LADSOperationCountersType_LifeTime,6027,Variable
LADSDeviceType_Identification_OperationalLocation,6028,Variable
LADSDeviceType_Identification_HierarchicalLocation,6029,Variable
MultiStateDiscreteSensorFunctionType_SensorValue,6030,Variable
DiscreteSensorFunctionType_SensorValue,6031,Variable
ProgramManagerType_Upload_OutputArguments,6032,Variable
AnalogScalarSensorFunctionType_Operational_SensorValue,6033,Variable
TimerControlFunctionType_TargetValue,6034,Variable
TimerControlFunctionType_CurrentValue,6035,Variable
AnalogSensorFunctionType_CalibrationValues,6036,Variable
AnalogScalarSensorFunctionWithCompensationType_CompensationValue,6037,Variable
AnalogSensorFunctionType_Damping,6038,Variable
AnalogScalarSensorFunctionType_Operational_RawValue,6039,Variable
AnalogSensorFunctionType_RawValue,6040,Variable
ProgramManagerType_ResultSet_NodeVersion,6041,Variable
BaseControlFunctionType_Operational_CurrentState_Id,6042,Variable
CoverStateMachineType_Opened_StateNumber,6043,Variable
CoverStateMachineType_Closed_StateNumber,6044,Variable
CoverStateMachineType_Locked_StateNumber,6045,Variable
CoverStateMachineType_Error_StateNumber,6046,Variable
RunningStateMachineType_IdleToStarting_TransitionNumber,6047,Variable
RunningStateMachineType_StartingToExecute_TransitionNumber,6048,Variable
RunningStateMachineType_ExecuteToCompleting_TransitionNumber,6049,Variable
RunningStateMachineType_CompletingToComplete_TransitionNumber,6050,Variable
LADSDeviceType_Identification_DeviceManual,6051,Variable
FunctionalUnitType_ProgramManager_ResultSet_NodeVersion,6052,Variable
Server_Namespaces_http___opcfoundation_org_UA_LADS__IsNamespaceSubset,6053,Variable
Server_Namespaces_http___opcfoundation_org_UA_LADS__NamespacePublicationDate,6054,Variable
Server_Namespaces_http___opcfoundation_org_UA_LADS__NamespaceUri,6055,Variable
Server_Namespaces_http___opcfoundation_org_UA_LADS__NamespaceVersion,6056,Variable
Server_Namespaces_http___opcfoundation_org_UA_LADS__StaticNodeIdTypes,6057,Variable
Server_Namespaces_http___opcfoundation_org_UA_LADS__StaticNumericNodeIdRange,6058,Variable
Server_Namespaces_http___opcfoundation_org_UA_LADS__StaticStringNodeIdPattern,6059,Variable
RunningStateMachineType_CompleteToResetting_TransitionNumber,6060,Variable
RunningStateMachineType_ResettingToIdle_TransitionNumber,6061,Variable
LADSDeviceType_Identification_DeviceRevision,6062,Variable
LADSDeviceType_Identification_SoftwareRevision,6063,Variable
LADSDeviceType_Identification_SerialNumber,6064,Variable
DiscreteControlFunctionType_CurrentValue,6065,Variable
TwoStateDiscreteControlFunctionType_CurrentValue,6066,Variable
MultiStateDiscreteControlFunctionType_CurrentValue,6067,Variable
LADSDeviceType_Identification_AssetId,6068,Variable
LADSDeviceType_Identification_ComponentName,6069,Variable
RunningStateMachineType_ExecuteToSuspending_TransitionNumber,6070,Variable
RunningStateMachineType_SuspendingToSuspended_TransitionNumber,6071,Variable
RunningStateMachineType_SuspendedToUnsuspending_TransitionNumber,6072,Variable
RunningStateMachineType_UnsuspendingToExecute_TransitionNumber,6073,Variable
LADSComponentType_Identification_OperationalLocation,6074,Variable
SetType_NodeVersion,6075,Variable
RunningStateMachineType_ExecuteToHolding_TransitionNumber,6076,Variable
RunningStateMachineType_HoldingToHeld_TransitionNumber,6077,Variable
RunningStateMachineType_HeldToUnholding_TransitionNumber,6078,Variable
BaseControlFunctionType_Operational_CurrentState,6079,Variable
LADSComponentType_Identification_HierarchicalLocation,6080,Variable
MaintenanceTaskType_LastOperatingTime,6081,Variable
VariableSetType_S_VariableSetElement_,6082,Variable
LADSDeviceType_DeviceClass,6083,Variable
FunctionType_FunctionSet_NodeVersion,6084,Variable
LADSComponentsType_NodeVersion,6085,Variable
LADSDeviceType_DeviceHealth,6086,Variable
MaintenanceTaskType_NextOperatingTime,6087,Variable
MaintenanceTaskType_LastOperatingCycles,6088,Variable
AnalogControlFunctionWithRelativeTargetValueType_IncreaseRate,6089,Variable
ProgramTemplateType_SupervisoryTemplateId,6090,Variable
MaintenanceTaskType_NextOperatingCycles,6091,Variable
MaintenanceTaskType_StopTask_InputArguments,6092,Variable
LADSDeviceType_Identification_HardwareRevision,6093,Variable
LADSDeviceType_Identification_ManufacturerUri,6094,Variable
LADSDeviceType_Identification_ProductCode,6095,Variable
LADSDeviceType_Identification_ProductInstanceUri,6096,Variable
MaintenanceTaskType_ConfigurationChanged,6097,Variable
FunctionalUnitStateMachineType_StartProgram_InputArguments,6098,Variable
MaintenanceTaskResultEnum_EnumValues,6099,Variable
FunctionalStateMachineType_CurrentState,6100,Variable
FunctionalStateMachineType_CurrentState_EffectiveDisplayName,6101,Variable
MaintenanceTaskType_EstimatedDowntime,6102,Variable
LADSDeviceType_FunctionalUnitSet_NodeVersion,6103,Variable
ResultSetType_NodeVersion,6104,Variable
FunctionalUnitType_Operational_EffectiveDisplayName,6105,Variable
MaintenanceTaskType_MaintenanceMethod,6106,Variable
MaintenanceTaskType_MaintenanceSupplier,6107,Variable
MaintenanceTaskType_PartsOfAssetReplaced,6108,Variable
ControllerParameterType_CurrentValue,6109,Variable
ControllerParameterType_TargetValue,6110,Variable
MaintenanceTaskType_PartsOfAssetServiced,6111,Variable
AnalogSensorFunctionType_Operational_SensorValue,6112,Variable
LADSDeviceType_Maintenance_NodeVersion,6113,Variable
RunningStateMachineType_UnholdingToExecute_TransitionNumber,6114,Variable
RunningStateMachineType_SuspendingToHolding_TransitionNumber,6115,Variable
RunningStateMachineType_StartingToHolding_TransitionNumber,6116,Variable
RunningStateMachineType_SuspendedToHolding_TransitionNumber,6117,Variable
RunningStateMachineType_UnsuspendingToHolding_TransitionNumber,6118,Variable
MaintenanceTaskType_PlannedDate,6119,Variable
MaintenanceTaskType_QualificationOfPersonnel,6120,Variable
FunctionalUnitStateMachineType_StartProgram_OutputArguments,6121,Variable
MultiModeAnalogControlFunctionType_CurrentMode,6122,Variable
DiscreteControlFunctionType_TargetValue,6123,Variable
MultiStateDiscreteControlFunctionType_TargetValue,6124,Variable
AnalogControlFunctionWithRelativeTargetValueType_DecreaseRate,6125,Variable
ActiveProgramType_DeviceProgramRunId,6126,Variable
FunctionalUnitStateMachineType_Start_InputArguments,6127,Variable
AnalogControlFunctionWithRelativeTargetValueType_ModifyTargetValueBy_InputArguments,6128,Variable
ControlFunctionStateMachineType_StartWithTargetValue_InputArguments,6129,Variable
AnalogArraySensorFunctionType_SensorValue,6130,Variable
OPCBinarySchema_TypeSystem_TypeDictionary,6131,Variable
AnalogControlFunctionWithTotalizerType_Operational_ResetTotalizer_InputArguments,6132,Variable
ProgramTemplateSetType_NodeVersion,6133,Variable
AnalogArraySensorFunctionType_RawValue,6134,Variable
TwoStateDiscreteControlFunctionType_TargetValue,6135,Variable
TwoStateDiscreteSensorFunctionType_SensorValue_FalseState,6136,Variable
TwoStateDiscreteSensorFunctionType_SensorValue_TrueState,6137,Variable
TwoStateDiscreteControlFunctionType_CurrentValue_FalseState,6138,Variable
OPCBinarySchema_TypeSystem_TypeDictionary_NamespaceUri,6139,Variable
TwoStateDiscreteControlFunctionType_CurrentValue_TrueState,6140,Variable
XmlSchema_TypeSystem_TypeDictionary,6141,Variable
FunctionalUnitType_Operational_StartProgram_InputArguments,6142,Variable
FunctionalUnitType_Operational_StartProgram_OutputArguments,6143,Variable
XmlSchema_TypeSystem_TypeDictionary_NamespaceUri,6144,Variable
OPCBinarySchema_TypeSystem_TypeDictionary_KeyValueType,6145,Variable
RunningStateMachineType_CurrentState,6146,Variable
TimerControlFunctionType_CurrentValue_EngineeringUnits,6147,Variable
TimerControlFunctionType_DifferenceValue_EngineeringUnits,6148,Variable
LADSComponentType_Identification_AssetId,6149,Variable
LADSComponentType_Identification_ComponentName,6150,Variable
LADSComponentType_Identification_DeviceClass,6151,Variable
LADSComponentType_Identification_DeviceManual,6152,Variable
LADSComponentType_Identification_DeviceRevision,6153,Variable
LADSComponentType_Identification_HardwareRevision,6154,Variable
TwoStateDiscreteControlFunctionType_TargetValue_FalseState,6155,Variable
TwoStateDiscreteControlFunctionType_TargetValue_TrueState,6156,Variable
MultiStateDiscreteControlFunctionType_CurrentValue_EnumStrings,6157,Variable
MultiStateDiscreteControlFunctionType_TargetValue_EnumStrings,6158,Variable
ActiveProgramType_EstimatedRuntime,6159,Variable
MultiStateDiscreteSensorFunctionType_SensorValue_EnumStrings,6160,Variable
TimerControlFunctionType_TargetValue_EngineeringUnits,6161,Variable
ActiveProgramType_EstimatedStepNumbers,6162,Variable
ActiveProgramType_CurrentRuntime,6163,Variable
MaintenanceSetType_S_SetElement__NormalState,6164,Variable
MultiModeAnalogControlFunctionType_CurrentMode_EnumStrings,6165,Variable
MaintenanceSetType_S_SetElement__EnabledState,6166,Variable
MaintenanceSetType_S_SetElement__EnabledState_Id,6167,Variable
MaintenanceSetType_S_SetElement__ActiveState,6168,Variable
LADSComponentType_Identification_Manufacturer,6169,Variable
LADSComponentType_Identification_ManufacturerUri,6170,Variable
LADSComponentType_Identification_Model,6171,Variable
LADSComponentType_Identification_ProductCode,6172,Variable
LADSComponentType_Identification_ProductInstanceUri,6173,Variable
LADSComponentType_Identification_RevisionCounter,6174,Variable
LADSComponentType_Identification_SerialNumber,6175,Variable
LADSComponentType_Identification_SoftwareRevision,6176,Variable
MaintenanceSetType_S_SetElement__ActiveState_Id,6177,Variable
MaintenanceSetType_S_SetElement__SuppressedOrShelved,6178,Variable
MaintenanceSetType_S_SetElement__InputNode,6179,Variable
ActiveProgramType_CurrentPauseTime,6180,Variable
MaintenanceSetType_S_SetElement__AckedState,6181,Variable
MaintenanceSetType_S_SetElement__AckedState_Id,6182,Variable
ActiveProgramType_EstimatedStepRuntime,6183,Variable
ActiveProgramType_CurrentStepName,6184,Variable
ActiveProgramType_CurrentStepNumber,6185,Variable
ActiveProgramType_CurrentStepRuntime,6186,Variable
MaintenanceSetType_S_SetElement__Acknowledge_InputArguments,6187,Variable
MaintenanceSetType_S_SetElement__Retain,6188,Variable
LADSComponentType_Maintenance_NodeVersion,6189,Variable
MaintenanceSetType_S_SetElement__ConditionName,6190,Variable
AnalogSensorFunctionType_AlarmMonitor_ActiveState,6191,Variable
AnalogSensorFunctionType_AlarmMonitor_ActiveState_Id,6192,Variable
AnalogSensorFunctionType_AlarmMonitor_LimitState_CurrentState,6193,Variable
AnalogSensorFunctionType_AlarmMonitor_LimitState_CurrentState_Id,6194,Variable
AnalogSensorFunctionType_AlarmMonitor_EnabledState,6195,Variable
AnalogSensorFunctionType_AlarmMonitor_EnabledState_Id,6196,Variable
AnalogSensorFunctionType_AlarmMonitor_InputNode,6197,Variable
AnalogSensorFunctionType_AlarmMonitor_SuppressedOrShelved,6198,Variable
AnalogSensorFunctionType_AlarmMonitor_AckedState,6199,Variable
AnalogSensorFunctionType_AlarmMonitor_AckedState_Id,6200,Variable
AnalogSensorFunctionType_AlarmMonitor_Acknowledge_InputArguments,6201,Variable
AnalogSensorFunctionType_AlarmMonitor_AddComment_InputArguments,6202,Variable
AnalogSensorFunctionType_AlarmMonitor_BranchId,6203,Variable
AnalogSensorFunctionType_AlarmMonitor_ClientUserId,6204,Variable
AnalogSensorFunctionType_AlarmMonitor_Comment,6205,Variable
AnalogSensorFunctionType_AlarmMonitor_Comment_SourceTimestamp,6206,Variable
AnalogSensorFunctionType_AlarmMonitor_ConditionClassId,6207,Variable
AnalogSensorFunctionType_AlarmMonitor_ConditionClassName,6208,Variable
AnalogSensorFunctionType_AlarmMonitor_ConditionName,6209,Variable
AnalogSensorFunctionType_AlarmMonitor_LastSeverity,6210,Variable
AnalogSensorFunctionType_AlarmMonitor_LastSeverity_SourceTimestamp,6211,Variable
AnalogSensorFunctionType_AlarmMonitor_Quality,6212,Variable
AnalogSensorFunctionType_AlarmMonitor_Quality_SourceTimestamp,6213,Variable
AnalogSensorFunctionType_AlarmMonitor_Retain,6214,Variable
AnalogSensorFunctionType_AlarmMonitor_EventId,6215,Variable
AnalogSensorFunctionType_AlarmMonitor_EventType,6216,Variable
AnalogSensorFunctionType_AlarmMonitor_Message,6217,Variable
AnalogSensorFunctionType_AlarmMonitor_ReceiveTime,6218,Variable
AnalogSensorFunctionType_AlarmMonitor_Severity,6219,Variable
AnalogSensorFunctionType_AlarmMonitor_SourceName,6220,Variable
AnalogSensorFunctionType_AlarmMonitor_SourceNode,6221,Variable
AnalogSensorFunctionType_AlarmMonitor_Time,6222,Variable
BaseControlFunctionType_AlarmMonitor_SetpointNode,6223,Variable
BaseControlFunctionType_AlarmMonitor_ActiveState,6224,Variable
BaseControlFunctionType_AlarmMonitor_ActiveState_Id,6225,Variable
BaseControlFunctionType_AlarmMonitor_LimitState_CurrentState,6226,Variable
BaseControlFunctionType_AlarmMonitor_LimitState_CurrentState_Id,6227,Variable
BaseControlFunctionType_AlarmMonitor_EnabledState,6228,Variable
BaseControlFunctionType_AlarmMonitor_EnabledState_Id,6229,Variable
BaseControlFunctionType_AlarmMonitor_InputNode,6230,Variable
BaseControlFunctionType_AlarmMonitor_SuppressedOrShelved,6231,Variable
BaseControlFunctionType_AlarmMonitor_AckedState,6232,Variable
BaseControlFunctionType_AlarmMonitor_AckedState_Id,6233,Variable
BaseControlFunctionType_AlarmMonitor_Acknowledge_InputArguments,6234,Variable
BaseControlFunctionType_AlarmMonitor_AddComment_InputArguments,6235,Variable
BaseControlFunctionType_AlarmMonitor_BranchId,6236,Variable
BaseControlFunctionType_AlarmMonitor_ClientUserId,6237,Variable
BaseControlFunctionType_AlarmMonitor_Comment,6238,Variable
BaseControlFunctionType_AlarmMonitor_Comment_SourceTimestamp,6239,Variable
BaseControlFunctionType_AlarmMonitor_ConditionClassId,6240,Variable
BaseControlFunctionType_AlarmMonitor_ConditionClassName,6241,Variable
BaseControlFunctionType_AlarmMonitor_ConditionName,6242,Variable
BaseControlFunctionType_AlarmMonitor_LastSeverity,6243,Variable
BaseControlFunctionType_AlarmMonitor_LastSeverity_SourceTimestamp,6244,Variable
BaseControlFunctionType_AlarmMonitor_Quality,6245,Variable
BaseControlFunctionType_AlarmMonitor_Quality_SourceTimestamp,6246,Variable
BaseControlFunctionType_AlarmMonitor_Retain,6247,Variable
BaseControlFunctionType_AlarmMonitor_EventId,6248,Variable
BaseControlFunctionType_AlarmMonitor_EventType,6249,Variable
BaseControlFunctionType_AlarmMonitor_Message,6250,Variable
BaseControlFunctionType_AlarmMonitor_ReceiveTime,6251,Variable
BaseControlFunctionType_AlarmMonitor_Severity,6252,Variable
BaseControlFunctionType_AlarmMonitor_SourceName,6253,Variable
BaseControlFunctionType_AlarmMonitor_SourceNode,6254,Variable
BaseControlFunctionType_AlarmMonitor_Time,6255,Variable
MaintenanceSetType_S_SetElement__BranchId,6256,Variable
ProgramManagerType_ProgramTemplateSet_NodeVersion,6257,Variable
FunctionalUnitType_ProgramManager_ProgramTemplateSet_NodeVersion,6258,Variable
ProgramTemplateType_DeviceTemplateId,6259,Variable
MaintenanceSetType_S_SetElement__Quality,6260,Variable
MaintenanceSetType_S_SetElement__Quality_SourceTimestamp,6261,Variable
MaintenanceSetType_S_SetElement__LastSeverity,6262,Variable
MaintenanceSetType_S_SetElement__LastSeverity_SourceTimestamp,6263,Variable
MaintenanceSetType_S_SetElement__Comment,6264,Variable
MaintenanceSetType_S_SetElement__Comment_SourceTimestamp,6265,Variable
MaintenanceSetType_S_SetElement__ClientUserId,6266,Variable
MaintenanceSetType_S_SetElement__AddComment_InputArguments,6267,Variable
MaintenanceSetType_S_SetElement__ConditionClassId,6268,Variable
MaintenanceSetType_S_SetElement__ConditionClassName,6269,Variable
MaintenanceSetType_S_SetElement__EventId,6270,Variable
MaintenanceSetType_S_SetElement__EventType,6271,Variable
MaintenanceSetType_S_SetElement__SourceNode,6272,Variable
MaintenanceSetType_S_SetElement__SourceName,6273,Variable
MaintenanceSetType_S_SetElement__Time,6274,Variable
RunningStateMachineType_UnholdingToHolding_TransitionNumber,6275,Variable
MaintenanceSetType_S_SetElement__ReceiveTime,6276,Variable
MaintenanceSetType_S_SetElement__Message,6277,Variable
MaintenanceSetType_S_SetElement__Severity,6278,Variable
FunctionalUnitStateMachineType_CurrentState,6279,Variable
FunctionalUnitStateMachineType_CurrentState_EffectiveDisplayName,6280,Variable
ResultType_ApplicationUri,6281,Variable
ResultType_User,6282,Variable
OPCBinarySchema_TypeSystem_TypeDictionary_SampleInfoType,6283,Variable
FunctionalUnitType_Identification_AssetId,6284,Variable
FunctionalUnitType_Identification_ComponentName,6285,Variable
CoverStateMachineType_Closing_StateNumber,6286,Variable
CoverStateMachineType_Locking_StateNumber,6287,Variable
CoverStateMachineType_Opening_StateNumber,6288,Variable
ProgramManagerType_Download_InputArguments,6289,Variable
ProgramManagerType_Download_OutputArguments,6290,Variable
ProgramManagerType_Remove_InputArguments,6291,Variable
ProgramManagerType_Upload_InputArguments,6292,Variable
CoverStateMachineType_Unlocking_StateNumber,6293,Variable
CoverStateMachineType_ClosedToLocking_TransitionNumber,6294,Variable
CoverStateMachineType_ClosedToOpening_TransitionNumber,6295,Variable
CoverStateMachineType_ClosingToClosed_TransitionNumber,6296,Variable
ResultFileType_MimeType,6297,Variable
ResultFileType_Name,6298,Variable
ResultFileType_URL,6299,Variable
CoverStateMachineType_LockedToUnlocking_TransitionNumber,6300,Variable
CoverStateMachineType_LockingToLocked_TransitionNumber,6301,Variable
CoverStateMachineType_OpenedToClosing_TransitionNumber,6302,Variable
CoverStateMachineType_OpeningToOpened_TransitionNumber,6303,Variable
CoverStateMachineType_UnlockingToClosed_TransitionNumber,6304,Variable
AnalogControlFunctionType_ControlFunctionState_StartWithTargetValue_InputArguments,6305,Variable
MultiStateDiscreteControlFunctionType_ControlFunctionState_StartWithTargetValue_InputArguments,6306,Variable
ResultType_Started,6307,Variable
ResultType_Samples,6308,Variable
TwoStateDiscreteControlFunctionType_ControlFunctionState_StartWithTargetValue_InputArguments,6309,Variable
XmlSchema_TypeSystem_TypeDictionary_KeyValueType,6310,Variable
XmlSchema_TypeSystem_TypeDictionary_SampleInfoType,6311,Variable
CoverFunctionType_Operational_CurrentState,6314,Variable
ActiveProgramType_CurrentProgramTemplate,6315,Variable
LADSDeviceStateMachineType_Initialization_StateNumber,6329,Variable
LADSDeviceStateMachineType_Operate_StateNumber,6330,Variable
ProgramTemplateType_Description,6340,Variable
ProgramTemplateType_Created,6341,Variable
ProgramTemplateType_Modified,6344,Variable
ProgramTemplateType_Version,6346,Variable
ProgramTemplateType_Author,6348,Variable
LADSDeviceStateMachineType_Shutdown_StateNumber,6351,Variable
LADSDeviceStateMachineType_InitializationToOperate_TransitionNumber,6352,Variable
LADSDeviceStateMachineType_OperateToShutdown_TransitionNumber,6355,Variable
MaintenanceTaskType_LastExecutionDate,6360,Variable
MaintenanceTaskType_RecurrencePeriod,6362,Variable
ResultType_SupervisoryJobId,6393,Variable
ResultType_Stopped,6394,Variable
ResultType_Description,6396,Variable
RunningStateMachineType_Starting_StateNumber,6423,Variable
RunningStateMachineType_Suspending_StateNumber,6424,Variable
RunningStateMachineType_Resetting_StateNumber,6425,Variable
RunningStateMachineType_Idle_StateNumber,6426,Variable
RunningStateMachineType_Suspended_StateNumber,6427,Variable
RunningStateMachineType_Unsuspending_StateNumber,6428,Variable
RunningStateMachineType_Holding_StateNumber,6429,Variable
RunningStateMachineType_Held_StateNumber,6430,Variable
RunningStateMachineType_Unholding_StateNumber,6431,Variable
FunctionalStateMachineType_AbortingToAborted_TransitionNumber,6432,Variable
RunningStateMachineType_Completing_StateNumber,6433,Variable
RunningStateMachineType_Complete_StateNumber,6434,Variable
FunctionalStateMachineType_Clearing_StateNumber,6449,Variable
CoverStateMachineType_ClosedToOpened_TransitionNumber,6463,Variable
CoverStateMachineType_ClosedToLocked_TransitionNumber,6464,Variable
CoverStateMachineType_LockedToClosed_TransitionNumber,6465,Variable
CoverStateMachineType_LockedToError_TransitionNumber,6466,Variable
CoverStateMachineType_ClosedToError_TransitionNumber,6467,Variable
FunctionalStateMachineType_AvailableTransitions,6472,Variable
FunctionalStateMachineType_AvailableStates,6473,Variable
FunctionalStateMachineType_Aborting_StateNumber,6474,Variable
FunctionalStateMachineType_Aborted_StateNumber,6475,Variable
CoverStateMachineType_ErrorToOpened_TransitionNumber,6476,Variable
LADSComponentType_DeviceHealth,6480,Variable
LADSDeviceStateMachineType_SleepToOperate_TransitionNumber,6482,Variable
ResultType_Properties,6485,Variable
FunctionalStateMachineType_AbortedToClearing_TransitionNumber,6486,Variable
ResultType_SupervisoryTaskId,6487,Variable
RunningStateMachineType_Execute_StateNumber,6489,Variable
ResultType_DeviceProgramRunId,6495,Variable
ResultType_TotalRuntime,6500,Variable
ResultType_TotalPauseTime,6501,Variable
ResultType_EstimatedRuntime,6504,Variable
FunctionalStateMachineType_Stopped_StateNumber,6508,Variable
FunctionalStateMachineType_Running_StateNumber,6509,Variable
FunctionalStateMachineType_Stopping_StateNumber,6511,Variable
FunctionalStateMachineType_StoppingToStopped_TransitionNumber,6512,Variable
FunctionalStateMachineType_StoppedToRunning_TransitionNumber,6513,Variable
LADSDeviceStateMachineType_Sleep_StateNumber,6525,Variable
FunctionalStateMachineType_RunningToAborting_TransitionNumber,6528,Variable
FunctionalStateMachineType_ClearingToStopped_TransitionNumber,6529,Variable
FunctionalStateMachineType_RunningToStopping_TransitionNumber,6534,Variable
LADSDeviceStateMachineType_OperateToSleep_TransitionNumber,6556,Variable
LADSDeviceType_DeviceState_CurrentState,6600,Variable
LADSDeviceType_DeviceState_CurrentState_Id,6601,Variable
CoverStateMachineType_Reset,7000,Method
MaintenanceTaskType_StopTask,7001,Method
AnalogControlFunctionWithTotalizerType_Operational_ResetTotalizer,7002,Method
MaintenanceTaskType_ResetTask,7003,Method
FunctionalUnitStateMachineType_Start,7004,Method
FunctionalUnitType_Lock_BreakLock,7005,Method
FunctionalUnitType_Lock_ExitLock,7006,Method
FunctionalUnitType_Lock_InitLock,7007,Method
FunctionalUnitType_Lock_RenewLock,7008,Method
ControlFunctionStateMachineType_StartWithTargetValue,7009,Method
FunctionalUnitStateMachineType_StartProgram,7010,Method
CoverStateMachineType_Open,7011,Method
CoverStateMachineType_Close,7012,Method
CoverStateMachineType_Lock,7013,Method
CoverStateMachineType_Unlock,7014,Method
FunctionalUnitType_Operational_Clear,7019,Method
LADSOperationModeStateMachineType_GotoProcessing,7020,Method
LADSDeviceStateMachineType_GotoOperate,7021,Method
AnalogControlFunctionWithRelativeTargetValueType_ModifyTargetValueBy,7022,Method
FunctionalUnitType_Operational_Stop,7024,Method
FunctionalUnitType_Operational_Abort,7025,Method
AnalogControlFunctionType_ControlFunctionState_StartWithTargetValue,7027,Method
BaseControlFunctionType_Operational_Stop,7028,Method
BaseControlFunctionType_Operational_Reset,7029,Method
MaintenanceSetType_S_SetElement__Acknowledge,7030,Method
LADSDeviceStateMachineType_GotoShutdown,7031,Method
LADSDeviceStateMachineType_GotoSleep,7032,Method
ControlFunctionStateMachineType_Start,7035,Method
AnalogSensorFunctionType_AlarmMonitor_Acknowledge,7038,Method
AnalogSensorFunctionType_AlarmMonitor_AddComment,7039,Method
AnalogSensorFunctionType_AlarmMonitor_Disable,7040,Method
AnalogSensorFunctionType_AlarmMonitor_Enable,7041,Method
BaseControlFunctionType_AlarmMonitor_Acknowledge,7042,Method
BaseControlFunctionType_AlarmMonitor_AddComment,7043,Method
BaseControlFunctionType_AlarmMonitor_Disable,7044,Method
BaseControlFunctionType_AlarmMonitor_Enable,7045,Method
FunctionalUnitType_Operational_StartProgram,7046,Method
MaintenanceSetType_S_SetElement__Enable,7047,Method
MaintenanceSetType_S_SetElement__Disable,7048,Method
MaintenanceSetType_S_SetElement__AddComment,7049,Method
MultiStateDiscreteControlFunctionType_ControlFunctionState_StartWithTargetValue,7050,Method
ProgramManagerType_Download,7051,Method
ProgramManagerType_Remove,7052,Method
ProgramManagerType_Upload,7053,Method
TwoStateDiscreteControlFunctionType_ControlFunctionState_StartWithTargetValue,7054,Method
LADSOperationModeStateMachineType_GotoMaintenance,7055,Method
LADSOperationModeStateMachineType_GotoSetup,7056,Method
MaintenanceTaskType_StartTask,7061,Method
RunningStateMachineType_Reset,7069,Method
RunningStateMachineType_ToComplete,7070,Method
RunningStateMachineType_Unhold,7072,Method
RunningStateMachineType_Suspend,7073,Method
RunningStateMachineType_Hold,7074,Method
RunningStateMachineType_Unsuspend,7075,Method
FunctionalStateMachineType_Abort,7078,Method
FunctionalStateMachineType_Clear,7079,Method
FunctionalStateMachineType_Stop,7112,Method
LADSDeviceType_DeviceState_GotoOperate,7124,Method
LADSDeviceType_DeviceState_GotoShutdown,7125,Method
LADSDeviceType_DeviceState_GotoSleep,7126,Method
