BACnetNotificationType,1001,ObjectType
BACnetObjectType,1002,ObjectType
BACnetEventReportingType,1003,ObjectType
BACnetAnalogType,1004,ObjectType
BACnetAnalogInputType,1005,ObjectType
BACnetAnalogOutputType,1006,ObjectType
BACnetAnalogValueType,1007,ObjectType
BACnetCalendarType,1008,ObjectType
BACnetOutOfRangeAlgorithmType,1009,ObjectType
BACnetChangeOfStateAlgorithmType,1010,ObjectType
BACnetDeviceType,1011,ObjectType
BACnetBinaryType,1012,ObjectType
BACnetBinaryInputType,1013,ObjectType
BACnetBinaryOutputType,1014,ObjectType
BACnetBinaryValueType,1015,ObjectType
BACnetChangeOfStateCountType,1016,ObjectType
BACnetElapsedActiveTimeType,1017,ObjectType
BACnetMultiStateType,1018,ObjectType
BACnetMultiStateInputType,1019,ObjectType
BACnetMultiStateOutputType,1020,ObjectType
BACnetMultiStateValueType,1021,ObjectType
BACnetScheduleType,1022,ObjectType
BACnetNotificationClassType,1024,ObjectType
BACnetFaultEvaluationType,1025,ObjectType
BACnetEventAlgorithmType,1026,ObjectType
BACnetFaultNotificationType,1027,ObjectType
BACnetEventNotificationType,1028,ObjectType
BACnetCommandFailureAlgorithmType,1029,ObjectType
BACnetInternetworkType,1030,ObjectType
BACnetOutOfRangeNotificationType,1031,ObjectType
BACnetSimpleNotificationType,1032,ObjectType
BACnetLoopNotificationType,1033,ObjectType
BACnetFeedbackNotificationType,1034,ObjectType
BACnetEventEnrollmentNotificationType,1035,ObjectType
BACnetChangeOfReliabilityNotificationType,1036,ObjectType
BACnetChangeOfBitStringNotificationType,1037,ObjectType
BACnetChangeOfStateNotificationType,1038,ObjectType
BACnetChangeOfRealValueNotificationType,1039,ObjectType
BACnetCommandFailureNotificationType,1040,ObjectType
BACnetFloatingLimitNotificationType,1041,ObjectType
BACnetBufferReadyNotificationType,1042,ObjectType
BACnetUnsignedRangeNotificationType,1043,ObjectType
BACnetDoubleOutOfRangeNotificationType,1044,ObjectType
BACnetSignedOutOfRangeNotificationType,1045,ObjectType
BACnetUnsignedOutOfRangeNotificationType,1046,ObjectType
BACnetChangeOfCharacterStringNotificationType,1047,ObjectType
BACnetNotifierType,1048,ObjectType
BACnetStructuredViewType,1049,ObjectType
BACnetAutomaticTimeSynchronizationMasterType,1052,ObjectType
BACnetChangeOfValueNotificationType,1053,ObjectType
BACNetAnalogItemType,2001,VariableType
BACnetReliability,3001,DataType
BACnetNotifyType,3002,DataType
BACnetEventState,3003,DataType
BACnetBinaryPV,3005,DataType
BACnetDateTime,3006,DataType
BACnetPolarity,3007,DataType
BACnetAction,3008,DataType
BACnetDateRange,3009,DataType
BACnetElementCount,3010,DataType
BACnetPropertyCount,3011,DataType
BACnetObjectCount,3012,DataType
BACnetDeviceCount,3013,DataType
BACnetMonth,3014,DataType
BACnetYear,3015,DataType
BACnetCalendarEntry,3016,DataType
BACnetDate,3017,DataType
BACnetDeviceCommunicationEnabled,3018,DataType
BACnetTime,3019,DataType
BACnetObjectIdentifier,3020,DataType
BACnetDay,3021,DataType
BACnetAddress,3022,DataType
BACnetClientCOV,3023,DataType
BACnetWeekNDay,3024,DataType
BACnetDayOfMonth,3025,DataType
BACnetEventParameterChangeOfLifeSafety,3027,DataType
BACnetPropertyStates,3028,DataType
BACnetEventEnumType,3029,DataType
BACnetProgramRequest,3030,DataType
BACnetProgramStates,3031,DataType
BACnetProgramError,3032,DataType
BACnetDeviceStatus,3033,DataType
BACnetLifeSafetyMode,3035,DataType
BACnetLifeSafetyState,3036,DataType
BACnetLifeSafetyOperation,3044,DataType
BACnetNodeType,3045,DataType
BACnetPropertyIdentifier,3046,DataType
BACnetReinitializedStateofDevice,3049,DataType
BACnetEventParameter,3050,DataType
BACnetFaultParameter,3051,DataType
BACnetMessageClass,3052,DataType
BACnetPriorityValue,3053,DataType
BACnetRecipient,3054,DataType
BACnetSpecialEventPeriod,3055,DataType
BACnetTimeStamp,3056,DataType
BACnetMessagePriority,3057,DataType
BACnetEventParameterDoubleOutOfRange,3058,DataType
BACnetEventParameterSignedOutOfRange,3059,DataType
BACnetDaysOfWeek,3060,DataType
BACnetEventTransitionBits,3061,DataType
BACnetLimitEnable,3062,DataType
BACnetObjectTypeSupportedBits,3063,DataType
BACnetServicesSupportedBits,3064,DataType
BACnetStatusFlags,3065,DataType
BACnetEventParameterChangeOfCharacterString,3066,DataType
BACnetEventParameterUnsignedRange,3067,DataType
BACnetEventParameterExtendedParameters,3068,DataType
BACnetAnalogType_EventReporting,5001,Object
BACnetCalendarEntry_Encoding_DefaultBinary,5002,Object
BACnetCalendarEntry_Encoding_DefaultXml,5003,Object
Server_Namespaces_http___opcfoundation_org_UA_BACnet_V2_,5004,Object
BACnetDateTime_Encoding_DefaultBinary,5005,Object
BACnetDateTime_Encoding_DefaultXml,5006,Object
BACnetBinaryType_ChangeOfState,5007,Object
BACnetBinaryType_ElapsedActiveTime,5008,Object
BACnetMultiStateType_EventReporting,5009,Object
BACnetEventParameterDoubleOutOfRange_Encoding_DefaultBinary,5010,Object
BACnetClientCOV_Encoding_DefaultBinary,5011,Object
BACnetClientCOV_Encoding_DefaultXml,5012,Object
BACnetWeekNDay_Encoding_DefaultBinary,5013,Object
BACnetWeekNDay_Encoding_DefaultXml,5014,Object
BACnetEventParameter_Encoding_DefaultBinary,5015,Object
BACnetEventParameter_Encoding_DefaultXml,5016,Object
BACnetDateRange_Encoding_DefaultBinary,5017,Object
BACnetDateRange_Encoding_DefaultXml,5018,Object
BACnetDate_Encoding_DefaultBinary,5019,Object
BACnetDate_Encoding_DefaultXml,5020,Object
BACnetTime_Encoding_DefaultBinary,5021,Object
BACnetTime_Encoding_DefaultXml,5022,Object
BACnetFaultParameter_Encoding_DefaultBinary,5023,Object
BACnetEventParameterChangeOfLifeSafety_Encoding_DefaultBinary,5024,Object
BACnetFaultParameter_Encoding_DefaultXml,5025,Object
BACnetEventReportingType_EventAlgorithm,5026,Object
BACnetEventParameterChangeOfLifeSafety_Encoding_DefaultXml,5027,Object
BACnetMessageClass_Encoding_DefaultBinary,5028,Object
BACnetMessageClass_Encoding_DefaultXml,5029,Object
BACnetPriorityValue_Encoding_DefaultBinary,5030,Object
BACnetPriorityValue_Encoding_DefaultXml,5031,Object
BACnetRecipient_Encoding_DefaultBinary,5032,Object
BACnetRecipient_Encoding_DefaultXml,5033,Object
BACnetSpecialEventPeriod_Encoding_DefaultBinary,5034,Object
BACnetSpecialEventPeriod_Encoding_DefaultXml,5035,Object
BACnetDeviceType_Notifier_Object_Name,5036,Object
BACnetDeviceType_Object_List_BACnetObjectName,5037,Object
BACnetInternetworkType_S_BACnetDeviceName__Object_List_BACnetObjectName,5038,Object
BACnetDeviceType_Structured_Object_List_BACnetStructuredViewName,5039,Object
BACnetInternetworkType_S_BACnetDeviceName_,5040,Object
BACnetAddress_Encoding_DefaultBinary,5041,Object
BACnetAddress_Encoding_DefaultXml,5042,Object
BACnetStructuredViewType_BACnetStructuredView,5043,Object
BACnetStructuredViewType_BACnetObject,5044,Object
BACnetAddress_Encoding_DefaultJson,5045,Object
BACnetAddressBinding_Encoding_DefaultJson,5046,Object
BACnetPropertyStates_Encoding_DefaultBinary,5047,Object
BACnetPropertyStates_Encoding_DefaultXml,5048,Object
BACnetCOVSubscription_Encoding_DefaultJson,5049,Object
BACnetDailySchedule_Encoding_DefaultJson,5050,Object
BACnetDate_Encoding_DefaultJson,5051,Object
BACnetDateRange_Encoding_DefaultJson,5052,Object
BACnetDateTime_Encoding_DefaultJson,5053,Object
BACnetDestination_Encoding_DefaultJson,5054,Object
BACnetDeviceObjectPropertyReference_Encoding_DefaultJson,5055,Object
BACnetEventFaultParameterExtended_Encoding_DefaultJson,5056,Object
BACnetEventParameterBufferReady_Encoding_DefaultJson,5057,Object
BACnetEventParameterChangeOfBitstring_Encoding_DefaultJson,5058,Object
BACnetEventParameterChangeOfCharacterString_Encoding_DefaultJson,5059,Object
BACnetEventParameterChangeOfLifeSafety_Encoding_DefaultJson,5060,Object
BACnetEventParameterChangeOfState_Encoding_DefaultJson,5061,Object
BACnetEventParameterChangeOfValue_Encoding_DefaultJson,5062,Object
BACnetEventParameterDoubleOutOfRange_Encoding_DefaultXml,5063,Object
BACnetEventParameterSignedOutOfRange_Encoding_DefaultBinary,5064,Object
BACnetEventParameterCommandFailure_Encoding_DefaultJson,5065,Object
BACnetEventParameterDoubleOutOfRange_Encoding_DefaultJson,5066,Object
BACnetEventParameterFloatingLimit_Encoding_DefaultJson,5067,Object
BACnetEventParameterOutOfRange_Encoding_DefaultJson,5068,Object
BACnetTimeStamp_Encoding_DefaultBinary,5069,Object
BACnetTimeStamp_Encoding_DefaultXml,5070,Object
BACnetAnalogType_FaultEvaluation_FaultAlgorithm,5071,Object
BACnetBinaryInputType_EventReporting,5072,Object
BACnetBinaryOutputType_EventReporting,5073,Object
BACnetBinaryValueType_EventReporting,5074,Object
BACnetMultiStateInputType_EventReporting,5075,Object
BACnetMultiStateInputType_FaultEvaluation,5076,Object
BACnetMultiStateOutputType_EventReporting,5077,Object
BACnetMultiStateValueType_EventReporting,5078,Object
BACnetMultiStateValueType_FaultEvaluation,5079,Object
BACnetEventParameterSignedOutOfRange_Encoding_DefaultXml,5080,Object
BACnetEventParameterChangeOfCharacterString_Encoding_DefaultBinary,5081,Object
BACnetEventParameterChangeOfCharacterString_Encoding_DefaultXml,5082,Object
BACnetEventParameterUnsignedRange_Encoding_DefaultBinary,5083,Object
BACnetEventParameterUnsignedRange_Encoding_DefaultXml,5084,Object
BACnetEventParameterExtendedParameters_Encoding_DefaultBinary,5085,Object
BACnetEventParameterExtendedParameters_Encoding_DefaultXml,5086,Object
BACnetEventParameterSignedOutOfRange_Encoding_DefaultJson,5087,Object
BACnetEventParameterUnsignedOutOfRange_Encoding_DefaultJson,5088,Object
BACnetEventParameterUnsignedRange_Encoding_DefaultJson,5089,Object
BACnetFaultParameterFaultCharacterstring_Encoding_DefaultJson,5090,Object
BACnetFaultParameterFaultLifeSafety_Encoding_DefaultJson,5091,Object
BACnetFaultParameterFaultState_Encoding_DefaultJson,5092,Object
BACnetFaultParameterFaultStatusFlags_Encoding_DefaultJson,5093,Object
BACnetPropertyStates_Encoding_DefaultJson,5094,Object
BACnetRecipientProcess_Encoding_DefaultJson,5095,Object
BACnetSpecialEvent_Encoding_DefaultJson,5096,Object
BACnetTime_Encoding_DefaultJson,5097,Object
BACnetTimeValue_Encoding_DefaultJson,5098,Object
BACnetTimeValueValue_Encoding_DefaultJson,5099,Object
BACnetWeekNDay_Encoding_DefaultJson,5100,Object
BACnetDaysOfWeek_Encoding_DefaultJson,5101,Object
BACnetEventTransitionBits_Encoding_DefaultJson,5102,Object
BACnetLimitEnable_Encoding_DefaultJson,5103,Object
BACnetObjectTypeSupportedBits_Encoding_DefaultJson,5104,Object
BACnetServicesSupportedBits_Encoding_DefaultJson,5105,Object
BACnetStatusFlags_Encoding_DefaultJson,5106,Object
BACnetCalendarEntry_Encoding_DefaultJson,5107,Object
BACnetClientCOV_Encoding_DefaultJson,5108,Object
BACnetEventParameter_Encoding_DefaultJson,5109,Object
BACnetEventParameterExtendedParameters_Encoding_DefaultJson,5110,Object
BACnetFaultParameter_Encoding_DefaultJson,5111,Object
BACnetMessageClass_Encoding_DefaultJson,5112,Object
BACnetPriorityValue_Encoding_DefaultJson,5113,Object
BACnetRecipient_Encoding_DefaultJson,5114,Object
BACnetSpecialEventPeriod_Encoding_DefaultJson,5115,Object
BACnetTimeStamp_Encoding_DefaultJson,5116,Object
BACnetDaysOfWeek_Encoding_DefaultBinary,5125,Object
BACnetDaysOfWeek_Encoding_DefaultXml,5127,Object
BACnetEventTransitionBits_Encoding_DefaultBinary,5129,Object
BACnetEventTransitionBits_Encoding_DefaultXml,5130,Object
BACnetLimitEnable_Encoding_DefaultBinary,5131,Object
BACnetLimitEnable_Encoding_DefaultXml,5132,Object
BACnetObjectTypeSupportedBits_Encoding_DefaultBinary,5133,Object
BACnetObjectTypeSupportedBits_Encoding_DefaultXml,5134,Object
BACnetServicesSupportedBits_Encoding_DefaultBinary,5135,Object
BACnetServicesSupportedBits_Encoding_DefaultXml,5136,Object
BACnetBinaryInputType_EventReporting_EventAlgorithm,5137,Object
BACnetBinaryOutputType_EventReporting_EventAlgorithm,5138,Object
BACnetBinaryValueType_EventReporting_EventAlgorithm,5139,Object
BACnetMultiStateInputType_EventReporting_EventAlgorithm,5140,Object
BACnetMultiStateInputType_FaultEvaluation_FaultAlgorithm,5141,Object
BACnetMultiStateOutputType_EventReporting_EventAlgorithm,5142,Object
BACnetMultiStateValueType_EventReporting_EventAlgorithm,5143,Object
BACnetMultiStateValueType_FaultEvaluation_FaultAlgorithm,5144,Object
BACnetLoopType_EventReporting_EventAlgorithm,5145,Object
BACnetStatusFlags_Encoding_DefaultBinary,5146,Object
BACnetStatusFlags_Encoding_DefaultXml,5147,Object
BACNetAnalogItemType_EngineeringUnits,6001,Variable
BACnetAnalogType_Present_Value,6002,Variable
BACnetAnalogType_Present_Value_EngineeringUnits,6003,Variable
BACnetOutOfRangeNotificationType_ExceedingValue,6004,Variable
BACnetAnalogType_EventReporting_Acked_Transitions,6005,Variable
BACnetAnalogType_EventReporting_Event_Enable,6006,Variable
BACnetEventReportingType_Event_State,6007,Variable
BACnetBinaryPV_EnumStrings,6008,Variable
BACnetAnalogType_EventReporting_Event_Time_Stamps,6009,Variable
BACnetAnalogType_EventReporting_Notification_Class,6010,Variable
BACnetAnalogType_EventReporting_Notify_Type,6011,Variable
BACnetOutOfRangeNotificationType_Deadband,6012,Variable
BACnetOutOfRangeNotificationType_ExceedingLimit,6013,Variable
BACnetOutOfRangeNotificationType_StatusFlags,6014,Variable
BACnetFaultNotificationType_Status_Flags,6015,Variable
BACnetChangeOfStateAlgorithmType_AlarmValues,6016,Variable
BACnetCommandFailureAlgorithmType_FeedbackValueRef,6017,Variable
BACnetChangeOfBitStringNotificationType_ReferencedBitString,6018,Variable
BACnetBinaryType_Present_Value,6019,Variable
BACnetBinaryType_Present_Value_FalseState,6020,Variable
BACnetBinaryType_Present_Value_TrueState,6021,Variable
BACnetDoubleOutOfRangeAlgorithmType_Deadband,6022,Variable
BACnetBinaryType_Out_Of_Service,6023,Variable
BACnetAnalogType_Status_Flags,6024,Variable
BACnetLoopType_Present_Value,6025,Variable
BACnetChangeOfBitStringNotificationType_StatusFlags,6026,Variable
BACnetLoopType_Present_Value_EngineeringUnits,6027,Variable
BACnetInternetworkType_S_BACnetDeviceName__Object_Identifier,6028,Variable
BACnetChangeOfStateNotificationType_NewState,6029,Variable
BACnetChangeOfStateNotificationType_StatusFlags,6030,Variable
BACnetChangeOfRealValueNotificationType_NewValue,6031,Variable
BACnetBinaryInputType_Device_Type,6032,Variable
BACnetBinaryOutputType_Device_Type,6033,Variable
BACnetChangeOfStateCountType_Change_Of_State_Time,6034,Variable
BACnetChangeOfStateCountType_Change_Of_State_Count,6035,Variable
BACnetAnalogType_EventReporting_Event_Algorithm_Inhibit,6036,Variable
BACnetAnalogInputType_Device_Type,6037,Variable
BACnetAnalogType_Out_Of_Service,6038,Variable
BACnetChangeOfRealValueNotificationType_StatusFlags,6039,Variable
BACnetCommandFailureNotificationType_CommandValue,6040,Variable
BACnetChangeOfStateCountType_Time_Of_State_Count_Reset,6041,Variable
BACnetElapsedActiveTimeType_Elapsed_Active_Time,6042,Variable
BACnetElapsedActiveTimeType_Time_Of_Active_Time_Reset,6043,Variable
BACnetNodeType_EnumStrings,6044,Variable
BACnetAnalogOutputType_Device_Type,6045,Variable
BACnetCommandFailureNotificationType_FeedbackValue,6046,Variable
BACnetOutOfRangeAlgorithmType_HighLimit,6047,Variable
BACnetOutOfRangeAlgorithmType_LowLimit,6048,Variable
BACnetOutOfRangeAlgorithmType_Deadband,6049,Variable
BACnetEventReportingType_Notification_Class,6050,Variable
BACnetOutOfRangeAlgorithmType_LimitEnable,6051,Variable
BACnetEventReportingType_Event_Enable,6052,Variable
BACnetEventReportingType_Acked_Transitions,6053,Variable
BACnetNotifyType_EnumStrings,6054,Variable
BACnetEventState_EnumStrings,6055,Variable
BACnetAnalogType_EventReporting_Event_State,6056,Variable
BACnetStructuredViewType_Node_Type,6057,Variable
BACnetCommandFailureNotificationType_StatusFlags,6058,Variable
BACnetEventReportingType_Event_Time_Stamps,6059,Variable
BACnetFloatingLimitNotificationType_ReferenceValue,6060,Variable
BACnetFloatingLimitNotificationType_SetpointValue,6061,Variable
BACnetFloatingLimitNotificationType_ErrorLimit,6062,Variable
BACnetFloatingLimitNotificationType_StatusFlags,6063,Variable
BACnetEventReportingType_Event_Message_Texts,6064,Variable
BACnetBinaryType_ChangeOfState_Change_Of_State_Count,6065,Variable
BACnetBinaryType_ChangeOfState_Change_Of_State_Time,6066,Variable
BACnetBinaryType_ChangeOfState_Time_Of_State_Count_Reset,6067,Variable
BACnetAnalogType_COV_Increment,6068,Variable
BACnetObjectType_Profile_Name,6069,Variable
BACnetAnalogOutputType_Priority_Array,6070,Variable
BACnetAnalogValueType_Priority_Array,6071,Variable
BACnetObjectType_Object_Identifier,6072,Variable
BACnetCalendarType_Present_Value,6073,Variable
BACnetBinaryType_ElapsedActiveTime_Elapsed_Active_Time,6074,Variable
BACnetBinaryType_ElapsedActiveTime_Time_Of_Active_Time_Reset,6075,Variable
BACnetCalendarType_Date_List,6076,Variable
BACnetStructuredViewType_Subordinate_List,6077,Variable
BACnetStructuredViewType_Subordinate_Annotations,6078,Variable
BACnetDeviceType_Structured_Object_List_BACnetStructuredViewName_Node_Type,6079,Variable
BACnetDeviceType_Structured_Object_List_BACnetStructuredViewName_Subordinate_List,6080,Variable
BACnetStructuredViewType_BACnetStructuredView_Node_Type,6081,Variable
BACnetStructuredViewType_BACnetStructuredView_Subordinate_List,6082,Variable
BACnetCalendarType_AddDateListElements_InputArguments,6083,Variable
BACnetCalendarType_RemoveDateListElements_InputArguments,6084,Variable
BACnetBufferReadyNotificationType_BufferProperty,6085,Variable
BACnetAnalogOutputType_Relinquish_Default,6086,Variable
BACnetAnalogValueType_Relinquish_Default,6087,Variable
BACnetBinaryOutputType_Priority_Array,6088,Variable
BACnetBinaryOutputType_Minimum_Off_Time,6089,Variable
BACnetBinaryOutputType_Minimum_On_Time,6090,Variable
BACnetEventReportingType_Notify_Type,6091,Variable
BACnetBinaryValueType_Priority_Array,6092,Variable
BACnetBufferReadyNotificationType_PreviousNotification,6093,Variable
BACnetBinaryValueType_Minimum_On_Time,6094,Variable
BACnetBinaryValueType_Minimum_Off_Time,6095,Variable
BACnetBinaryInputType_Polarity,6096,Variable
BACnetPolarity_EnumStrings,6097,Variable
BACnetBufferReadyNotificationType_CurrentNotification,6098,Variable
BACnetUnsignedRangeNotificationType_ExceedingValue,6099,Variable
BACnetUnsignedRangeNotificationType_ExceedingLimit,6100,Variable
BACnetUnsignedRangeNotificationType_StatusFlags,6101,Variable
BACnetBinaryOutputType_Polarity,6102,Variable
BACnetDoubleOutOfRangeNotificationType_ExceedingValue,6103,Variable
BACnetDoubleOutOfRangeNotificationType_Deadband,6104,Variable
BACnetMultiStateType_EventReporting_Acked_Transitions,6105,Variable
BACnetMultiStateType_Present_Value,6106,Variable
BACnetMultiStateType_Present_Value_EnumStrings,6107,Variable
BACnetDeviceRestartType_AddRestartRecipients_InputArguments,6108,Variable
BACnetMultiStateType_Out_Of_Service,6109,Variable
BACnetDeviceType_DeviceRestart_AddRestartRecipients_InputArguments,6110,Variable
BACnetBinaryType_Status_Flags,6111,Variable
BACnetDoubleOutOfRangeNotificationType_ExceedingLimit,6112,Variable
BACnetDoubleOutOfRangeNotificationType_StatusFlags,6113,Variable
BACnetSignedOutOfRangeNotificationType_ExceedingValue,6114,Variable
BACnetSignedOutOfRangeNotificationType_Deadband,6115,Variable
BACnetMultiStateType_EventReporting_Event_Enable,6116,Variable
BACnetMultiStateType_EventReporting_Event_State,6117,Variable
BACnetMultiStateType_EventReporting_Event_Time_Stamps,6118,Variable
BACnetMultiStateType_EventReporting_Notification_Class,6119,Variable
BACnetMultiStateType_EventReporting_Notify_Type,6120,Variable
BACnetAction_EnumStrings,6121,Variable
BACnetMultiStateInputType_Device_Type,6122,Variable
BACnetMultiStateOutputType_Device_Type,6123,Variable
BACnetMultiStateOutputType_Priority_Array,6124,Variable
BACnetMultiStateOutputType_Relinquish_Default,6125,Variable
BACnetMultiStateValueType_Priority_Array,6126,Variable
BACnetMultiStateValueType_Relinquish_Default,6127,Variable
BACnetScheduleType_Present_Value,6128,Variable
BACnetSignedOutOfRangeNotificationType_ExceedingLimit,6129,Variable
BACnetScheduleType_Priority_For_Writing,6130,Variable
BACnetNotificationClassType_Notification_Class,6131,Variable
BACnetNotificationType_Notification_Class,6132,Variable
BACnetNotificationType_Notify_Type,6133,Variable
BACnetFaultNotificationType_Reliability,6134,Variable
BACnetMultiStateType_Status_Flags,6135,Variable
BACnetEventNotificationType_Event_Values,6136,Variable
BACnetDeviceRestartType_AddRestartRecipients_OutputArguments,6137,Variable
BACnetSignedOutOfRangeNotificationType_StatusFlags,6138,Variable
BACnetDeviceType_DeviceRestart_AddRestartRecipients_OutputArguments,6139,Variable
BACnetUnsignedOutOfRangeNotificationType_ExceedingValue,6140,Variable
BACnetDeviceRestartType_RemoveRestartRecipients_OutputArguments,6141,Variable
BACnetDeviceType_DeviceRestart_RemoveRestartRecipients_OutputArguments,6142,Variable
BACnetUnsignedOutOfRangeNotificationType_Deadband,6143,Variable
BACnetUnsignedOutOfRangeNotificationType_ExceedingLimit,6144,Variable
BACnetUnsignedOutOfRangeNotificationType_StatusFlags,6145,Variable
BACnetChangeOfCharacterStringNotificationType_ChangedValue,6146,Variable
BACnetDeviceRestartType_RemoveRestartRecipients_InputArguments,6147,Variable
BACnetDeviceType_DeviceRestart_RemoveRestartRecipients_InputArguments,6148,Variable
TypeDictionary_BinarySchema,6149,Variable
TypeDictionary_BinarySchema_NamespaceUri,6150,Variable
BACnetProgramRequest_EnumStrings,6151,Variable
BACnetEventEnumType_EnumValues,6152,Variable
BACnetProgramStates_EnumStrings,6153,Variable
BACnetProgramError_EnumStrings,6154,Variable
BACnetDeviceStatus_EnumStrings,6155,Variable
BACnetChangeOfCharacterStringNotificationType_AlarmValue,6156,Variable
BACnetChangeOfCharacterStringNotificationType_StatusFlags,6157,Variable
TypeDictionary_XmlSchema,6158,Variable
BACnetDayOfMonth_EnumValues,6159,Variable
BACnetLifeSafetyMode_EnumStrings,6160,Variable
BACnetLifeSafetyState_EnumStrings,6161,Variable
TypeDictionary_XmlSchema_NamespaceUri,6162,Variable
TypeDictionary_BinarySchema_BACnetAddress,6163,Variable
TypeDictionary_XmlSchema_BACnetAddress,6164,Variable
BACnetDay_EnumValues,6165,Variable
BACnetDeviceCommunicationEnabled_EnumStrings,6166,Variable
BACnetMonth_EnumValues,6167,Variable
BACnetReinitializedStateofDevice_EnumStrings,6168,Variable
BACnetDaysOfWeek_OptionSetValues,6169,Variable
TypeDictionary_BinarySchema_BACnetAddressBinding,6170,Variable
TypeDictionary_XmlSchema_BACnetAddressBinding,6171,Variable
TypeDictionary_BinarySchema_BACnetCOVSubscription,6172,Variable
TypeDictionary_XmlSchema_BACnetCOVSubscription,6173,Variable
TypeDictionary_BinarySchema_BACnetDailySchedule,6174,Variable
BACnetScheduleType_Out_Of_Service,6175,Variable
BACnetScheduleType_Status_Flags,6176,Variable
TypeDictionary_XmlSchema_BACnetDailySchedule,6177,Variable
TypeDictionary_BinarySchema_BACnetDate,6178,Variable
TypeDictionary_XmlSchema_BACnetDate,6179,Variable
TypeDictionary_BinarySchema_BACnetDateRange,6180,Variable
TypeDictionary_XmlSchema_BACnetDateRange,6181,Variable
BACnetScheduleType_Effective_Period,6182,Variable
TypeDictionary_BinarySchema_BACnetDateTime,6183,Variable
TypeDictionary_XmlSchema_BACnetDateTime,6184,Variable
TypeDictionary_BinarySchema_BACnetDestination,6185,Variable
TypeDictionary_XmlSchema_BACnetDestination,6186,Variable
TypeDictionary_BinarySchema_BACnetDeviceObjectPropertyReference,6187,Variable
TypeDictionary_XmlSchema_BACnetDeviceObjectPropertyReference,6188,Variable
TypeDictionary_BinarySchema_BACnetEventFaultParameterExtended,6189,Variable
TypeDictionary_XmlSchema_BACnetEventFaultParameterExtended,6190,Variable
TypeDictionary_BinarySchema_BACnetEventParameterBufferReady,6191,Variable
TypeDictionary_XmlSchema_BACnetEventParameterBufferReady,6192,Variable
TypeDictionary_BinarySchema_BACnetEventParameterChangeOfBitstring,6193,Variable
TypeDictionary_XmlSchema_BACnetEventParameterChangeOfBitstring,6194,Variable
TypeDictionary_BinarySchema_BACnetEventParameterChangeOfCharacterString,6195,Variable
TypeDictionary_XmlSchema_BACnetEventParameterChangeOfCharacterString,6196,Variable
TypeDictionary_BinarySchema_BACnetEventParameterChangeOfState,6197,Variable
TypeDictionary_XmlSchema_BACnetEventParameterChangeOfState,6198,Variable
TypeDictionary_BinarySchema_BACnetEventParameterChangeOfValue,6199,Variable
TypeDictionary_XmlSchema_BACnetEventParameterChangeOfValue,6200,Variable
BACnetNotifierType_Recipient_List,6201,Variable
TypeDictionary_BinarySchema_BACnetEventParameterCommandFailure,6202,Variable
TypeDictionary_XmlSchema_BACnetEventParameterCommandFailure,6203,Variable
TypeDictionary_BinarySchema_BACnetEventParameterDoubleOutOfRange,6204,Variable
TypeDictionary_XmlSchema_BACnetEventParameterDoubleOutOfRange,6205,Variable
BACnetDeviceType_Notifier_Object_Name_Recipient_List,6206,Variable
TypeDictionary_BinarySchema_BACnetEventParameterFloatingLimit,6207,Variable
BACnetChangeOfReliabilityNotificationType_PropertyValues,6208,Variable
BACnetChangeOfValueNotificationType_NewValue,6209,Variable
BACnetPropertyIdentifier_EnumStrings,6210,Variable
BACnetDeviceType_Notifier_Object_Name_Object_Identifier,6211,Variable
TypeDictionary_XmlSchema_BACnetEventParameterFloatingLimit,6212,Variable
BACnetDeviceType_Protocol_Services_Supported,6213,Variable
BACnetInternetworkType_S_BACnetDeviceName__Serial_Number,6214,Variable
BACnetInternetworkType_S_BACnetDeviceName__Vendor_Name,6215,Variable
BACnetInternetworkType_S_BACnetDeviceName__Vendor_Identifier,6216,Variable
BACnetInternetworkType_S_BACnetDeviceName__Model_Name,6217,Variable
BACnetInternetworkType_S_BACnetDeviceName__Protocol_Version,6218,Variable
BACnetInternetworkType_S_BACnetDeviceName__Protocol_Revision,6219,Variable
BACnetInternetworkType_S_BACnetDeviceName__Firmware_Revision,6220,Variable
BACnetInternetworkType_S_BACnetDeviceName__Application_Software_Version,6221,Variable
BACnetDeviceType_Protocol_Object_Types_Supported,6222,Variable
BACnetInternetworkType_S_BACnetDeviceName__Segmentation_Supported,6223,Variable
BACnetInternetworkType_S_BACnetDeviceName__Max_APDU_Length_Accepted,6224,Variable
BACnetInternetworkType_S_BACnetDeviceName__APDU_Timeout,6225,Variable
BACnetInternetworkType_S_BACnetDeviceName__Number_Of_APDU_Retries,6226,Variable
BACnetInternetworkType_S_BACnetDeviceName__Protocol_Services_Supported,6227,Variable
BACnetInternetworkType_S_BACnetDeviceName__Device_Address_Binding,6228,Variable
BACnetInternetworkType_S_BACnetDeviceName__Database_Revision,6229,Variable
BACnetDeviceType_Object_List_Object_List,6230,Variable
BACnetDeviceType_Object_List_BACnetObjectName_Object_Identifier,6231,Variable
BACnetInternetworkType_S_BACnetDeviceName__Object_List_BACnetObjectName_Object_Identifier,6232,Variable
BACnetInternetworkType_S_BACnetDeviceName__Object_List_Object_List,6233,Variable
TypeDictionary_BinarySchema_BACnetEventParameterOutOfRange,6234,Variable
BACnetDeviceType_Structured_Object_List_Structured_Object_List,6235,Variable
BACnetStructuredViewType_BACnetStructuredView_Object_Identifier,6236,Variable
BACnetStructuredViewType_BACnetObject_Object_Identifier,6237,Variable
BACnetStructuredViewType_Node_Subtype,6238,Variable
BACnetDeviceType_Structured_Object_List_BACnetStructuredViewName_Object_Identifier,6239,Variable
BACnetDeviceType_TimeManagement_Local_Date,6240,Variable
BACnetDeviceType_TimeManagement_Local_Time,6241,Variable
BACnetDeviceType_TimeManagement_UTC_Offse,6242,Variable
BACnetDeviceType_TimeManagement_Daylight_Savings_Status,6243,Variable
BACnetInternetworkType_S_BACnetDeviceName__System_Status,6244,Variable
BACnetInternetworkType_TranslateBACnetIds_InputArguments,6245,Variable
BACnetInternetworkType_TranslateBACnetIds_OutputArguments,6246,Variable
BACnetInternetworkType_GetDeviceIdList_OutputArguments,6247,Variable
BACnetInternetworkType_AddDeviceById_InputArguments,6248,Variable
BACnetDoubleOutOfRangeAlgorithmType_HighLimit,6249,Variable
TypeDictionary_XmlSchema_BACnetEventParameterOutOfRange,6250,Variable
TypeDictionary_BinarySchema_BACnetEventParameterSignedOutOfRange,6251,Variable
BACnetInternetworkType_AddDeviceByAddress_InputArguments,6252,Variable
BACnetDeviceType_BackupRestore_Backup_Failure_Timeout,6253,Variable
BACnetDeviceType_CreateObject_InputArguments,6254,Variable
BACnetDeviceType_ReinitializeDevice_InputArguments,6255,Variable
BACnetDeviceType_DeleteObject_InputArguments,6256,Variable
TypeDictionary_XmlSchema_BACnetEventParameterSignedOutOfRange,6257,Variable
TypeDictionary_BinarySchema_BACnetEventParameterUnsignedOutOfRange,6258,Variable
BACnetDeviceType_BackupRestore_Backup_Preparation_Time,6259,Variable
BACnetDeviceType_BackupRestore_Restore_Preparation_Time,6260,Variable
BACnetDeviceType_BackupRestore_Restore_Completion_Time,6261,Variable
BACnetDeviceType_MstpMaster_Auto_Slave_Discovery,6262,Variable
BACnetDeviceType_MstpMaster_Manual_Slave_Address_Binding,6263,Variable
BACnetDeviceType_MstpMaster_Slave_Address_Binding,6264,Variable
BACnetDeviceType_MstpMaster_Slave_Proxy_Enable,6265,Variable
BACnetDeviceType_DeviceCommunicationControl_InputArguments,6266,Variable
BACnetDeviceType_TextMessage_InputArguments,6267,Variable
BACnetLoopType_Controlled_Variable_Value,6268,Variable
BACnetLoopType_Controlled_Variable_Value_EngineeringUnits,6269,Variable
BACnetMessagePriority_EnumStrings,6270,Variable
BACnetDeviceType_AddDeviceAddressBindings_InputArguments,6271,Variable
BACnetDeviceType_AddDeviceAddressBindings_OutputArguments,6272,Variable
BACnetDeviceType_RemoveDeviceAddressBindings_InputArguments,6273,Variable
BACnetDeviceType_RemoveDeviceAddressBindings_OutputArguments,6274,Variable
BACnetAnalogType_EventReporting_Event_Algorithm_Inhibit_Ref,6275,Variable
BACnetAnalogType_EventReporting_Event_Detection_Enable,6276,Variable
BACnetAnalogType_EventReporting_Event_Message_Texts,6277,Variable
BACnetAnalogType_EventReporting_Event_Message_Texts_Config,6278,Variable
BACnetBinaryInputType_EventReporting_Acked_Transitions,6279,Variable
BACnetBinaryInputType_EventReporting_Event_Enable,6280,Variable
BACnetBinaryInputType_EventReporting_Event_State,6281,Variable
BACnetBinaryInputType_EventReporting_Event_Time_Stamps,6282,Variable
BACnetBinaryInputType_EventReporting_Notification_Class,6283,Variable
BACnetBinaryInputType_EventReporting_Notify_Type,6284,Variable
BACnetBinaryOutputType_EventReporting_Acked_Transitions,6285,Variable
BACnetBinaryOutputType_EventReporting_Event_Enable,6286,Variable
BACnetBinaryOutputType_EventReporting_Event_State,6287,Variable
BACnetBinaryOutputType_EventReporting_Event_Time_Stamps,6288,Variable
BACnetBinaryOutputType_EventReporting_Notification_Class,6289,Variable
BACnetBinaryOutputType_EventReporting_Notify_Type,6290,Variable
BACnetBinaryOutputType_Feedback_Value,6291,Variable
BACnetBinaryValueType_EventReporting_Acked_Transitions,6292,Variable
BACnetBinaryValueType_EventReporting_Event_Enable,6293,Variable
BACnetBinaryValueType_EventReporting_Event_State,6294,Variable
BACnetBinaryValueType_EventReporting_Event_Time_Stamps,6295,Variable
BACnetBinaryValueType_EventReporting_Notification_Class,6296,Variable
BACnetBinaryValueType_EventReporting_Notify_Type,6297,Variable
BACnetMultiStateInputType_EventReporting_Acked_Transitions,6298,Variable
BACnetMultiStateInputType_EventReporting_Event_Enable,6299,Variable
BACnetMultiStateInputType_EventReporting_Event_State,6300,Variable
BACnetMultiStateInputType_EventReporting_Event_Time_Stamps,6301,Variable
BACnetMultiStateInputType_EventReporting_Notification_Class,6302,Variable
BACnetMultiStateInputType_EventReporting_Notify_Type,6303,Variable
BACnetFaultEvaluationType_Reliability,6304,Variable
BACnetFaultEvaluationType_Reliability_Evaluation_Inhibit,6305,Variable
BACnetMultiStateOutputType_EventReporting_Acked_Transitions,6306,Variable
BACnetMultiStateOutputType_EventReporting_Event_Enable,6307,Variable
BACnetMultiStateOutputType_EventReporting_Event_State,6308,Variable
BACnetMultiStateOutputType_EventReporting_Event_Time_Stamps,6309,Variable
BACnetMultiStateOutputType_EventReporting_Notification_Class,6310,Variable
BACnetMultiStateOutputType_EventReporting_Notify_Type,6311,Variable
BACnetMultiStateOutputType_Feedback_Value,6312,Variable
BACnetMultiStateValueType_EventReporting_Acked_Transitions,6313,Variable
BACnetMultiStateValueType_EventReporting_Event_Enable,6314,Variable
BACnetMultiStateValueType_EventReporting_Event_State,6315,Variable
BACnetMultiStateValueType_EventReporting_Event_Time_Stamps,6316,Variable
BACnetMultiStateValueType_EventReporting_Notification_Class,6317,Variable
BACnetMultiStateValueType_EventReporting_Notify_Type,6318,Variable
BACnetMultiStateInputType_FaultEvaluation_Reliability,6319,Variable
BACnetMultiStateValueType_FaultEvaluation_Reliability,6320,Variable
BACnetScheduleType_Schedule_Default,6321,Variable
BACnetNotificationType_From_State,6322,Variable
BACnetScheduleType_AddObjectPropertyReferences_InputArguments,6323,Variable
BACnetScheduleType_AddObjectPropertyReferences_OutputArguments,6324,Variable
BACnetScheduleType_RemoveObjectPropertyReferences_InputArguments,6325,Variable
BACnetScheduleType_RemoveObjectPropertyReferences_OutputArguments,6326,Variable
BACnetLoopType_Setpoint,6327,Variable
BACnetLoopType_Setpoint_EngineeringUnits,6328,Variable
BACnetLoopType_Status_Flags,6329,Variable
BACnetEventEnrollmentType_Status_Flags,6330,Variable
BACnetEventEnrollmentType_SetEventAlgorithm_InputArguments,6331,Variable
BACnetEventEnrollmentType_SetFaultAlgorithm_InputArguments,6332,Variable
BACnetLogType_Status_Flags,6333,Variable
BACnetTrendLogBaseType_Align_Intervals,6334,Variable
BACnetTrendLogBaseType_Interval_Offset,6335,Variable
BACnetTrendLogBaseType_Log_Interval,6336,Variable
BACnetTrendLogBaseType_Logging_Type,6337,Variable
BACnetTrendLogBaseType_Trigger,6338,Variable
BACnetTrendLogType_Log_Buffer,6339,Variable
BACnetTrendLogMultipleType_Log_DeviceObjectProperty,6340,Variable
TypeDictionary_XmlSchema_BACnetEventParameterUnsignedOutOfRange,6341,Variable
TypeDictionary_BinarySchema_BACnetEventParameterUnsignedRange,6342,Variable
BACnetNotificationClassType_Priority,6343,Variable
BACnetNotificationClassType_Ack_Required,6344,Variable
BACnetDoubleOutOfRangeAlgorithmType_LimitEnable,6345,Variable
BACnetTimeManagementType_TimeSynchronization_InputArguments,6346,Variable
BACnetDeviceType_TimeManagement_TimeSynchronization_InputArguments,6347,Variable
BACnetAutomaticTimeSynchronizationMasterType_Time_Synchronization_Recipients,6348,Variable
BACnetAutomaticTimeSynchronizationMasterType_UTC_Time_Synchronization_Recipients,6349,Variable
BACnetAutomaticTimeSynchronizationMasterType_Time_Synchronization_Interval,6350,Variable
BACnetAutomaticTimeSynchronizationMasterType_Align_Intervals,6351,Variable
BACnetAutomaticTimeSynchronizationMasterType_Interval_Offset,6352,Variable
BACnetAutomaticTimeSynchronizationMasterType_AddTimeSynchronizationRecipients_InputArguments,6353,Variable
BACnetAutomaticTimeSynchronizationMasterType_AddTimeSynchronizationRecipients_OutputArguments,6354,Variable
BACnetAutomaticTimeSynchronizationMasterType_RemoveTimeSynchronizationRecipients_InputArguments,6355,Variable
BACnetAutomaticTimeSynchronizationMasterType_RemoveTimeSynchronizationRecipients_OutputArguments,6356,Variable
BACnetLoopType_EventReporting_Event_State,6357,Variable
BACnetEventEnrollmentType_EventReporting_Event_State,6358,Variable
BACnetLogType_EventReporting_Event_State,6359,Variable
BACnetBinaryType_EventReporting_Event_State,6360,Variable
BACnetScheduleType_EventReporting_Event_State,6361,Variable
BACnetUnsignedRangeAlgorithmType_HighLimit,6362,Variable
BACnetUnsignedRangeAlgorithmType_LowLimit,6363,Variable
BACnetChangeOfStatusFlagsAlgorithmType_SelectedFlags,6364,Variable
BACnetSignedOutOfRangeAlgorithmType_Deadband,6365,Variable
BACnetSignedOutOfRangeAlgorithmType_HighLimit,6366,Variable
BACnetSignedOutOfRangeAlgorithmType_LimitEnable,6367,Variable
BACnetSignedOutOfRangeAlgorithmType_LowLimit,6368,Variable
BACnetUnsignedOutOfRangeAlgorithmType_Deadband,6369,Variable
BACnetUnsignedOutOfRangeAlgorithmType_HighLimit,6370,Variable
BACnetUnsignedOutOfRangeAlgorithmType_LimitEnable,6371,Variable
BACnetUnsignedOutOfRangeAlgorithmType_LowLimit,6372,Variable
BACnetChangeOfCharacterStringAlgorithmType_AlarmValues,6373,Variable
BACnetMultiStateType_FaultEvaluation_Reliability,6374,Variable
BACnetScheduleType_FaultEvaluation_Reliability,6375,Variable
BACnetLoopType_FaultEvaluation_Reliability,6376,Variable
BACnetEventEnrollmentType_FaultEvaluation_Reliability,6377,Variable
BACnetLogType_FaultEvaluation_Reliability,6378,Variable
BACnetAnalogType_FaultEvaluation_FaultAlgorithm_Object_Identifier,6379,Variable
BACnetAnalogType_FaultEvaluation_Reliability,6380,Variable
BACnetBinaryType_FaultEvaluation_Reliability,6381,Variable
BACnetLoopType_Proportional_Constant,6382,Variable
BACnetLoopType_Proportional_Constant_EngineeringUnits,6383,Variable
BACnetLoopType_Integral_Constant,6384,Variable
BACnetLoopType_Integral_Constant_EngineeringUnits,6385,Variable
BACnetLoopType_Bias,6386,Variable
BACnetLoopType_Bias_EngineeringUnits,6387,Variable
BACnetLoopType_Derivative_Constant,6388,Variable
BACnetLoopType_Derivative_Constant_EngineeringUnits,6389,Variable
Server_Namespaces_http___opcfoundation_org_UA_BACnet_V2__IsNamespaceSubset,6390,Variable
Server_Namespaces_http___opcfoundation_org_UA_BACnet_V2__NamespacePublicationDate,6391,Variable
Server_Namespaces_http___opcfoundation_org_UA_BACnet_V2__NamespaceUri,6392,Variable
Server_Namespaces_http___opcfoundation_org_UA_BACnet_V2__NamespaceVersion,6393,Variable
Server_Namespaces_http___opcfoundation_org_UA_BACnet_V2__StaticNodeIdTypes,6394,Variable
Server_Namespaces_http___opcfoundation_org_UA_BACnet_V2__StaticNumericNodeIdRange,6395,Variable
Server_Namespaces_http___opcfoundation_org_UA_BACnet_V2__StaticStringNodeIdPattern,6396,Variable
BACnetInternetworkType_S_BACnetDeviceName__Protocol_Object_Types_Supported,6397,Variable
BACnetChangeOfValueNotificationType_StatusFlags,6398,Variable
BACnetDoubleOutOfRangeAlgorithmType_LowLimit,6399,Variable
TypeDictionary_XmlSchema_BACnetEventParameterUnsignedRange,6400,Variable
TypeDictionary_BinarySchema_BACnetFaultParameterFaultCharacterstring,6401,Variable
TypeDictionary_XmlSchema_BACnetFaultParameterFaultCharacterstring,6402,Variable
TypeDictionary_BinarySchema_BACnetFaultParameterFaultLifeSafety,6403,Variable
TypeDictionary_XmlSchema_BACnetFaultParameterFaultLifeSafety,6404,Variable
TypeDictionary_BinarySchema_BACnetFaultParameterFaultState,6405,Variable
TypeDictionary_XmlSchema_BACnetFaultParameterFaultState,6406,Variable
TypeDictionary_BinarySchema_BACnetFaultParameterFaultStatusFlags,6407,Variable
TypeDictionary_XmlSchema_BACnetFaultParameterFaultStatusFlags,6408,Variable
BACnetAnalogType_Resolution,6409,Variable
TypeDictionary_BinarySchema_BACnetPropertyStates,6410,Variable
TypeDictionary_XmlSchema_BACnetPropertyStates,6411,Variable
TypeDictionary_BinarySchema_BACnetRecipientProcess,6412,Variable
TypeDictionary_XmlSchema_BACnetRecipientProcess,6413,Variable
TypeDictionary_BinarySchema_BACnetSpecialEvent,6414,Variable
BACnetEventAlgorithmType_TimeDelay,6415,Variable
BACnetEventAlgorithmType_TimeDelayNormal,6416,Variable
TypeDictionary_XmlSchema_BACnetSpecialEvent,6417,Variable
TypeDictionary_BinarySchema_BACnetTime,6418,Variable
TypeDictionary_XmlSchema_BACnetTime,6419,Variable
TypeDictionary_BinarySchema_BACnetTimeValue,6420,Variable
TypeDictionary_XmlSchema_BACnetTimeValue,6421,Variable
TypeDictionary_BinarySchema_BACnetTimeValueValue,6422,Variable
TypeDictionary_XmlSchema_BACnetTimeValueValue,6423,Variable
TypeDictionary_BinarySchema_BACnetWeekNDay,6424,Variable
TypeDictionary_XmlSchema_BACnetWeekNDay,6425,Variable
TypeDictionary_BinarySchema_BACnetDaysOfWeek,6426,Variable
TypeDictionary_XmlSchema_BACnetDaysOfWeek,6427,Variable
TypeDictionary_BinarySchema_BACnetEventTransitionBits,6428,Variable
TypeDictionary_XmlSchema_BACnetEventTransitionBits,6429,Variable
TypeDictionary_BinarySchema_BACnetLimitEnable,6430,Variable
TypeDictionary_XmlSchema_BACnetLimitEnable,6431,Variable
TypeDictionary_BinarySchema_BACnetObjectTypeSupportedBits,6432,Variable
TypeDictionary_XmlSchema_BACnetObjectTypeSupportedBits,6433,Variable
BACnetBinaryInputType_EventReporting_EventAlgorithm_AlarmValues,6434,Variable
TypeDictionary_BinarySchema_BACnetServicesSupportedBits,6435,Variable
TypeDictionary_XmlSchema_BACnetServicesSupportedBits,6436,Variable
TypeDictionary_BinarySchema_BACnetStatusFlags,6437,Variable
TypeDictionary_XmlSchema_BACnetStatusFlags,6438,Variable
TypeDictionary_BinarySchema_BACnetCalendarEntry,6439,Variable
BACnetEventReportingType_EventAlgorithm_TimeDelay,6440,Variable
BACnetEventReportingType_EventAlgorithm_TimeDelayNormal,6441,Variable
TypeDictionary_XmlSchema_BACnetCalendarEntry,6442,Variable
TypeDictionary_BinarySchema_BACnetClientCOV,6443,Variable
TypeDictionary_XmlSchema_BACnetClientCOV,6444,Variable
TypeDictionary_BinarySchema_BACnetEventParameter,6445,Variable
TypeDictionary_XmlSchema_BACnetEventParameter,6446,Variable
TypeDictionary_BinarySchema_BACnetEventParameterExtendedParameters,6447,Variable
TypeDictionary_XmlSchema_BACnetEventParameterExtendedParameters,6448,Variable
TypeDictionary_BinarySchema_BACnetFaultParameter,6449,Variable
TypeDictionary_XmlSchema_BACnetFaultParameter,6450,Variable
TypeDictionary_BinarySchema_BACnetMessageClass,6451,Variable
TypeDictionary_XmlSchema_BACnetMessageClass,6452,Variable
TypeDictionary_BinarySchema_BACnetPriorityValue,6453,Variable
TypeDictionary_XmlSchema_BACnetPriorityValue,6454,Variable
TypeDictionary_BinarySchema_BACnetRecipient,6455,Variable
TypeDictionary_XmlSchema_BACnetRecipient,6456,Variable
TypeDictionary_BinarySchema_BACnetSpecialEventPeriod,6457,Variable
TypeDictionary_XmlSchema_BACnetSpecialEventPeriod,6458,Variable
TypeDictionary_BinarySchema_BACnetTimeStamp,6459,Variable
TypeDictionary_XmlSchema_BACnetTimeStamp,6460,Variable
TypeDictionary_BinarySchema_BACnetEventParameterChangeOfLifeSafety,6461,Variable
TypeDictionary_XmlSchema_BACnetEventParameterChangeOfLifeSafety,6462,Variable
BACnetLifeSafetyOperation_EnumStrings,6500,Variable
BACnetObjectTypeSupportedBits_OptionSetValues,6641,Variable
BACnetServicesSupportedBits_OptionSetValues,6647,Variable
BACnetAnalogType_EventReporting_EventAlgorithm_TimeDelay,6650,Variable
BACnetAnalogType_EventReporting_EventAlgorithm_TimeDelayNormal,6651,Variable
BACnetLogType_EventReporting_EventAlgorithm_TimeDelay,6654,Variable
BACnetLogType_EventReporting_EventAlgorithm_TimeDelayNormal,6655,Variable
BACnetInternetworkType_NetworkScan_InputArguments,6660,Variable
BACnetInternetworkType_NetworkScan_OutputArguments,6661,Variable
BACnetInternetworkType_TimeSynchronization_InputArguments,6662,Variable
BACnetBinaryInputType_EventReporting_EventAlgorithm_TimeDelay,6663,Variable
BACnetBinaryInputType_EventReporting_EventAlgorithm_TimeDelayNormal,6664,Variable
BACnetBinaryOutputType_EventReporting_EventAlgorithm_FeedbackValueRef,6665,Variable
BACnetBinaryOutputType_EventReporting_EventAlgorithm_TimeDelay,6666,Variable
BACnetBinaryOutputType_EventReporting_EventAlgorithm_TimeDelayNormal,6667,Variable
BACnetBinaryValueType_EventReporting_EventAlgorithm_AlarmValues,6668,Variable
BACnetBinaryValueType_EventReporting_EventAlgorithm_TimeDelay,6669,Variable
BACnetBinaryValueType_EventReporting_EventAlgorithm_TimeDelayNormal,6670,Variable
BACnetMultiStateInputType_EventReporting_EventAlgorithm_AlarmValues,6671,Variable
BACnetMultiStateInputType_EventReporting_EventAlgorithm_TimeDelay,6672,Variable
BACnetMultiStateInputType_EventReporting_EventAlgorithm_TimeDelayNormal,6673,Variable
BACnetMultiStateInputType_FaultEvaluation_FaultAlgorithm_FaultValues,6674,Variable
BACnetMultiStateOutputType_EventReporting_EventAlgorithm_FeedbackValueRef,6675,Variable
BACnetMultiStateOutputType_EventReporting_EventAlgorithm_TimeDelay,6676,Variable
BACnetMultiStateOutputType_EventReporting_EventAlgorithm_TimeDelayNormal,6677,Variable
BACnetMultiStateValueType_EventReporting_EventAlgorithm_AlarmValues,6678,Variable
BACnetMultiStateValueType_EventReporting_EventAlgorithm_TimeDelay,6679,Variable
BACnetMultiStateValueType_EventReporting_EventAlgorithm_TimeDelayNormal,6680,Variable
BACnetMultiStateValueType_FaultEvaluation_FaultAlgorithm_FaultValues,6681,Variable
BACnetLoopType_EventReporting_EventAlgorithm_Deadband,6683,Variable
BACnetLoopType_EventReporting_EventAlgorithm_HighDiffLimit,6684,Variable
BACnetLoopType_EventReporting_EventAlgorithm_LowDiffLimit,6685,Variable
BACnetLoopType_EventReporting_EventAlgorithm_SetpointReference,6686,Variable
BACnetLoopType_EventReporting_EventAlgorithm_TimeDelay,6687,Variable
BACnetLoopType_EventReporting_EventAlgorithm_TimeDelayNormal,6688,Variable
BACnetNotificationType_To_State,6698,Variable
BACnetStatusFlags_OptionSetValues,6700,Variable
BACnetLimitEnable_OptionSetValues,6701,Variable
BACnetEventTransitionBits_OptionSetValues,6702,Variable
BACnetChangeOfStateCountType_Reset,7001,Method
BACnetBinaryType_ChangeOfState_Reset,7002,Method
BACnetElapsedActiveTimeType_Reset,7003,Method
BACnetBinaryType_ElapsedActiveTime_Reset,7004,Method
BACnetCalendarType_AddDateListElements,7005,Method
BACnetCalendarType_RemoveDateListElements,7006,Method
BACnetInternetworkType_TranslateBACnetIds,7009,Method
BACnetInternetworkType_GetDeviceIdList,7010,Method
BACnetInternetworkType_AddDeviceById,7011,Method
BACnetInternetworkType_AddDeviceByAddress,7012,Method
BACnetDeviceType_CreateObject,7013,Method
BACnetDeviceType_DeleteObject,7014,Method
BACnetDeviceType_DeviceCommunicationControl,7015,Method
BACnetDeviceType_ReinitializeDevice,7016,Method
BACnetDeviceType_TextMessage,7019,Method
BACnetInternetworkType_TimeSynchronization,7021,Method
BACnetInternetworkType_NetworkScan,7023,Method
BACnetDeviceType_AddDeviceAddressBindings,7024,Method
BACnetDeviceType_RemoveDeviceAddressBindings,7025,Method
BACnetDeviceType_TimeManagement_TimeSynchronization,7026,Method
BACnetAutomaticTimeSynchronizationMasterType_AddTimeSynchronizationRecipients,7027,Method
BACnetAutomaticTimeSynchronizationMasterType_RemoveTimeSynchronizationRecipients,7028,Method
BACnetLoopType,101001,ObjectType
BACnetFloatingLimitAlgorithmType,101002,ObjectType
BACnetChangeOfBitStringAlgorithmType,101003,ObjectType
BACnetChangeOfValueAlgorithmType,101004,ObjectType
BACnetBufferReadyAlgorithmType,101005,ObjectType
BACnetEventEnrollmentType,101006,ObjectType
BACnetFaultCharacterStringAlgorithmType,101009,ObjectType
BACnetFaultStateAlgorithmType,101011,ObjectType
BACnetFaultStatusFlagsAlgorithmType,101012,ObjectType
BACnetLogType,101014,ObjectType
BACnetClockAlignedTrendLogType,101015,ObjectType
BACnetIntrinsicReportingTrendLogType,101016,ObjectType
BACnetTrendLogType,101017,ObjectType
BACnetEventLogType,101018,ObjectType
BACnetTimeManagementType,101019,ObjectType
BACnetBackupRestoreType,101020,ObjectType
BACnetMstpMasterType,101021,ObjectType
BACnetDeviceRestartType,101022,ObjectType
BACnetObjectTypeUnknown,101024,ObjectType
BACnetFaultAlgorithmType,101025,ObjectType
BACnetTrendLogBaseType,101026,ObjectType
BACnetTrendLogMultipleType,101027,ObjectType
BACnetChangeOfLifeSafetyAlgorithmType,101028,ObjectType
BACnetUnsignedRangeAlgorithmType,101029,ObjectType
BACnetChangeOfStatusFlagsAlgorithmType,101030,ObjectType
BACnetDoubleOutOfRangeAlgorithmType,101031,ObjectType
BACnetSignedOutOfRangeAlgorithmType,101032,ObjectType
BACnetUnsignedOutOfRangeAlgorithmType,101033,ObjectType
BACnetChangeOfCharacterStringAlgorithmType,101034,ObjectType
BACnetDailySchedule,103001,DataType
BACnetDeviceObjectPropertyReference,103002,DataType
BACnetSpecialEvent,103003,DataType
BACnetTimeValue,103004,DataType
BACnetEventParameterChangeOfBitstring,103005,DataType
BACnetEventParameterChangeOfState,103009,DataType
BACnetTimeValueValue,103010,DataType
BACnetSegmentation,103011,DataType
BACnetAddressBinding,103015,DataType
BACnetBackupState,103016,DataType
BACnetCOVSubscription,103017,DataType
BACnetRecipientProcess,103018,DataType
BACnetRestartReason,103019,DataType
BACnetDestination,103020,DataType
BACnetFaultType,103028,DataType
BACnetFaultParameterFaultCharacterstring,103030,DataType
BACnetEventFaultParameterExtended,103031,DataType
BACnetFaultParameterFaultLifeSafety,103032,DataType
BACnetFaultParameterFaultState,103033,DataType
BACnetFaultParameterFaultStatusFlags,103034,DataType
BACnetDayOfWeek,103036,DataType
BACnetEventParameterChangeOfValue,103037,DataType
BACnetEventParameterCommandFailure,103039,DataType
BACnetEventParameterFloatingLimit,103040,DataType
BACnetEventParameterOutOfRange,103041,DataType
BACnetEventParameterBufferReady,103042,DataType
BACnetEventParameterUnsignedOutOfRange,103043,DataType
BACnetLoggingType,103048,DataType
BACnetObjectTypeEnum,103053,DataType
BACnetEventType,103054,DataType
BACnetDailySchedule_Encoding_DefaultBinary,105001,Object
BACnetDailySchedule_Encoding_DefaultXml,105002,Object
BACnetDeviceObjectPropertyReference_Encoding_DefaultBinary,105003,Object
BACnetDeviceObjectPropertyReference_Encoding_DefaultXml,105004,Object
BACnetSpecialEvent_Encoding_DefaultBinary,105005,Object
BACnetSpecialEvent_Encoding_DefaultXml,105006,Object
BACnetTimeValue_Encoding_DefaultBinary,105007,Object
BACnetTimeValue_Encoding_DefaultXml,105008,Object
BACnetEventParameterChangeOfBitstring_Encoding_DefaultBinary,105009,Object
BACnetEventParameterChangeOfBitstring_Encoding_DefaultXml,105010,Object
BACnetLoopType_EventReporting,105013,Object
BACnetEventParameterChangeOfState_Encoding_DefaultBinary,105017,Object
BACnetEventParameterChangeOfState_Encoding_DefaultXml,105018,Object
BACnetTimeValueValue_Encoding_DefaultBinary,105019,Object
BACnetTimeValueValue_Encoding_DefaultXml,105020,Object
BACnetAddressBinding_Encoding_DefaultBinary,105025,Object
BACnetAddressBinding_Encoding_DefaultXml,105026,Object
BACnetCOVSubscription_Encoding_DefaultBinary,105027,Object
BACnetCOVSubscription_Encoding_DefaultXml,105028,Object
BACnetRecipientProcess_Encoding_DefaultBinary,105029,Object
BACnetRecipientProcess_Encoding_DefaultXml,105030,Object
BACnetDestination_Encoding_DefaultBinary,105031,Object
BACnetDestination_Encoding_DefaultXml,105032,Object
BACnetFaultParameterFaultCharacterstring_Encoding_DefaultBinary,105036,Object
BACnetFaultParameterFaultCharacterstring_Encoding_DefaultXml,105037,Object
BACnetEventFaultParameterExtended_Encoding_DefaultBinary,105038,Object
BACnetEventFaultParameterExtended_Encoding_DefaultXml,105039,Object
BACnetFaultParameterFaultLifeSafety_Encoding_DefaultBinary,105040,Object
BACnetFaultParameterFaultLifeSafety_Encoding_DefaultXml,105041,Object
BACnetFaultParameterFaultState_Encoding_DefaultBinary,105042,Object
BACnetFaultParameterFaultState_Encoding_DefaultXml,105043,Object
BACnetFaultParameterFaultStatusFlags_Encoding_DefaultBinary,105044,Object
BACnetFaultParameterFaultStatusFlags_Encoding_DefaultXml,105045,Object
BACnetEventParameterChangeOfValue_Encoding_DefaultBinary,105048,Object
BACnetEventParameterChangeOfValue_Encoding_DefaultXml,105049,Object
BACnetEventParameterCommandFailure_Encoding_DefaultBinary,105052,Object
BACnetEventParameterCommandFailure_Encoding_DefaultXml,105053,Object
BACnetEventParameterFloatingLimit_Encoding_DefaultBinary,105054,Object
BACnetEventParameterFloatingLimit_Encoding_DefaultXml,105055,Object
BACnetEventParameterOutOfRange_Encoding_DefaultBinary,105056,Object
BACnetEventParameterOutOfRange_Encoding_DefaultXml,105057,Object
BACnetEventParameterBufferReady_Encoding_DefaultBinary,105058,Object
BACnetEventParameterBufferReady_Encoding_DefaultXml,105059,Object
BACnetEventParameterUnsignedOutOfRange_Encoding_DefaultBinary,105060,Object
BACnetEventParameterUnsignedOutOfRange_Encoding_DefaultXml,105061,Object
BACnetAnalogType_EventReporting_EventAlgorithm,105068,Object
BACnetMultiStateType_FaultEvaluation,105070,Object
BACnetScheduleType_FaultEvaluation,105071,Object
BACnetLoopType_FaultEvaluation,105072,Object
BACnetEventEnrollmentType_EventReporting,105073,Object
BACnetEventEnrollmentType_FaultEvaluation,105074,Object
BACnetLogType_FaultEvaluation,105075,Object
BACnetLogType_EventReporting,105076,Object
BACnetLogType_EventReporting_EventAlgorithm,105077,Object
BACnetDeviceType_Object_List,105084,Object
BACnetDeviceType_TimeManagement,105085,Object
BACnetDeviceType_BackupRestore,105086,Object
BACnetDeviceType_MstpMaster,105087,Object
BACnetDeviceType_DeviceRestart,105088,Object
BACnetBinaryType_EventReporting,105092,Object
BACnetScheduleType_EventReporting,105093,Object
BACnetDeviceType_Structured_Object_List,105094,Object
BACnetInternetworkType_S_BACnetDeviceName__Object_List,105095,Object
BACnetFaultEvaluationType_FaultAlgorithm,105096,Object
BACnetAnalogType_FaultEvaluation,105097,Object
BACnetBinaryType_FaultEvaluation,105098,Object
BACnetReliability_EnumValues,106001,Variable
BACnetScheduleType_Weekly_Schedule,106002,Variable
BACnetScheduleType_Exception_Schedule,106003,Variable
BACnetScheduleType_List_Of_Object_Property_References,106004,Variable
BACnetLoopType_Out_Of_Service,106012,Variable
BACnetLoopType_Manipulated_Variable_Reference,106014,Variable
BACnetLoopType_Controlled_Variable_Reference,106015,Variable
BACnetLoopType_EventReporting_Acked_Transitions,106016,Variable
BACnetLoopType_EventReporting_Event_Enable,106023,Variable
BACnetLoopType_EventReporting_Event_Time_Stamps,106025,Variable
BACnetLoopType_EventReporting_Notification_Class,106026,Variable
BACnetLoopType_EventReporting_Notify_Type,106027,Variable
BACnetLoopType_Setpoint_Reference,106029,Variable
BACnetLoopType_Action,106033,Variable
BACnetLoopType_Priority_For_Writing,106041,Variable
BACnetLoopType_COV_Increment,106042,Variable
BACnetChangeOfBitStringAlgorithmType_AlarmValues,106043,Variable
BACnetDeviceType_Serial_Number,106044,Variable
BACnetFloatingLimitAlgorithmType_LowDiffLimit,106045,Variable
BACnetFloatingLimitAlgorithmType_SetpointReference,106046,Variable
BACnetChangeOfValueAlgorithmType_Increment,106048,Variable
BACnetChangeOfValueAlgorithmType_Bitmask,106049,Variable
BACnetBufferReadyAlgorithmType_PreviousCount,106051,Variable
BACnetBufferReadyAlgorithmType_Threshold,106052,Variable
BACnetEventEnrollmentType_Event_Type,106053,Variable
BACnetEventEnrollmentType_EventReporting_Acked_Transitions,106054,Variable
BACnetEventEnrollmentType_Object_Property_Reference,106061,Variable
BACnetEventEnrollmentType_Event_State,106062,Variable
BACnetEventReportingType_Event_Message_Texts_Config,106063,Variable
BACnetDeviceType_System_Status,106068,Variable
BACnetDeviceType_Vendor_Name,106069,Variable
BACnetDeviceType_Vendor_Identifier,106070,Variable
BACnetDeviceType_Model_Name,106071,Variable
BACnetDeviceType_Location,106072,Variable
BACnetDeviceType_Protocol_Version,106073,Variable
BACnetDeviceType_Protocol_Revision,106074,Variable
BACnetDeviceType_Firmware_Revision,106077,Variable
BACnetDeviceType_Application_Software_Version,106078,Variable
BACnetEventEnrollmentType_Fault_Type,106079,Variable
BACnetDeviceType_BackupRestore_Backup_And_Restore_State,106082,Variable
BACnetFaultType_EnumStrings,106083,Variable
BACnetObjectTypeUnknown_Object_Type,106084,Variable
BACnetDeviceType_Segmentation_Supported,106085,Variable
BACnetSegmentation_EnumStrings,106086,Variable
BACnetDeviceType_Max_APDU_Length_Accepted,106087,Variable
BACnetDeviceType_Max_Segments_Accepted,106088,Variable
BACnetDeviceType_APDU_Segment_Timeout,106098,Variable
BACnetDeviceType_APDU_Timeout,106099,Variable
BACnetDeviceType_Number_Of_APDU_Retries,106100,Variable
BACnetBackupRestoreType_Configuration_Files,106101,Variable
BACnetDeviceRestartType_Last_Restart_Reason,106104,Variable
BACnetDeviceRestartType_Time_Of_Device_Restart,106105,Variable
BACnetDeviceType_Device_Address_Binding,106108,Variable
BACnetDeviceType_Database_Revision,106109,Variable
BACnetMstpMasterType_Max_Master,106110,Variable
BACnetMstpMasterType_Max_Info_Frames,106111,Variable
BACnetMstpMasterType_Slave_Proxy_Enable,106112,Variable
BACnetMstpMasterType_Manual_Slave_Address_Binding,106113,Variable
BACnetMstpMasterType_Auto_Slave_Discovery,106114,Variable
BACnetMstpMasterType_Slave_Address_Binding,106115,Variable
BACnetBackupState_EnumStrings,106116,Variable
BACnetDeviceRestartType_Restart_Notification_Recipients,106117,Variable
BACnetDeviceType_Active_COV_Subscriptions,106122,Variable
BACnetDeviceType_BackupRestore_Configuration_Files,106123,Variable
BACnetDeviceType_BackupRestore_Last_Restore_Time,106124,Variable
BACnetDeviceType_MstpMaster_Max_Info_Frames,106125,Variable
BACnetDeviceType_MstpMaster_Max_Master,106126,Variable
BACnetRestartReason_EnumStrings,106127,Variable
BACnetDeviceType_DeviceRestart_Last_Restart_Reason,106128,Variable
BACnetDeviceType_DeviceRestart_Restart_Notification_Recipients,106129,Variable
BACnetDeviceType_DeviceRestart_Time_Of_Device_Restart,106130,Variable
BACnetBackupRestoreType_Last_Restore_Time,106131,Variable
BACnetBackupRestoreType_Backup_Failure_Timeout,106132,Variable
BACnetBackupRestoreType_Backup_Preparation_Time,106133,Variable
BACnetBackupRestoreType_Restore_Preparation_Time,106134,Variable
BACnetBinaryOutputType_Relinquish_Default,106146,Variable
BACnetBinaryValueType_Relinquish_Default,106149,Variable
BACnetFaultCharacterStringAlgorithmType_FaultValues,106168,Variable
BACnetDayOfWeek_EnumValues,106169,Variable
BACnetFaultStateAlgorithmType_FaultValues,106172,Variable
BACnetEventEnrollmentType_EventReporting_Event_Enable,106192,Variable
BACnetLogType_Enable,106206,Variable
BACnetClockAlignedTrendLogType_Log_Interval,106207,Variable
BACnetLogType_Start_Time,106208,Variable
BACnetLogType_Stop_Time,106209,Variable
BACnetLogType_Stop_When_Full,106210,Variable
BACnetLogType_Buffer_Size,106211,Variable
BACnetLogType_Record_Count,106213,Variable
BACnetLogType_Total_Record_Count,106214,Variable
BACnetTimeManagementType_Local_Date,106215,Variable
BACnetClockAlignedTrendLogType_Align_Interval,106216,Variable
BACnetClockAlignedTrendLogType_Interval_Offset,106217,Variable
BACnetTimeManagementType_Local_Time,106218,Variable
BACnetLogType_EventReporting_Event_Message_Texts,106220,Variable
BACnetLogType_EventReporting_Acked_Transitions,106221,Variable
BACnetLogType_EventReporting_Event_Enable,106222,Variable
BACnetLogType_EventReporting_Event_Time_Stamps,106224,Variable
BACnetLogType_EventReporting_Notification_Class,106225,Variable
BACnetLogType_EventReporting_Notify_Type,106226,Variable
BACnetLogType_EventReporting_Event_Message_Texts_Config,106227,Variable
BACnetTrendLogType_Client_COV_Increment,106228,Variable
BACnetLogType_EventReporting_EventAlgorithm_Threshold,106230,Variable
BACnetLogType_EventReporting_EventAlgorithm_PreviousCount,106231,Variable
BACnetIntrinsicReportingTrendLogType_Recorded_Since_Notification,106232,Variable
BACnetLoggingType_EnumStrings,106235,Variable
BACnetTimeManagementType_UTC_Offset,106242,Variable
BACnetTrendLogType_COV_Resubscription_Interval,106244,Variable
BACnetTrendLogType_Log_DeviceObjectProperty,106245,Variable
BACnetTimeManagementType_Daylight_Savings_Status,106248,Variable
BACnetBackupRestoreType_Restore_Completion_Time,106250,Variable
BACnetBackupRestoreType_Backup_And_Restore_State,106251,Variable
BACnetAnalogType_EventReporting_EventAlgorithm_Deadband,106257,Variable
BACnetAnalogType_EventReporting_EventAlgorithm_HighLimit,106258,Variable
BACnetAnalogType_EventReporting_EventAlgorithm_LimitEnable,106259,Variable
BACnetAnalogType_EventReporting_EventAlgorithm_LowLimit,106260,Variable
BACnetBinaryType_EventReporting_Acked_Transitions,106264,Variable
BACnetBinaryType_EventReporting_Event_Enable,106265,Variable
BACnetBinaryType_EventReporting_Event_Time_Stamps,106267,Variable
BACnetBinaryType_EventReporting_Notification_Class,106268,Variable
BACnetBinaryType_EventReporting_Notify_Type,106269,Variable
BACnetObjectTypeEnum_EnumStrings,106272,Variable
BACnetEventType_EnumValues,106277,Variable
BACnetEventEnrollmentType_EventReporting_Event_Time_Stamps,106278,Variable
BACnetEventEnrollmentType_EventReporting_Notification_Class,106279,Variable
BACnetEventEnrollmentType_EventReporting_Notify_Type,106280,Variable
BACnetLogType_Records_Since_Notification,106284,Variable
BACnetTrendLogMultipleType_Log_Buffer,106291,Variable
BACnetCalendarType_AddDateListElements_OutputArguments,106294,Variable
BACnetCalendarType_RemoveDateListElements_OutputArguments,106295,Variable
BACnetScheduleType_EventReporting_Acked_Transitions,106296,Variable
BACnetScheduleType_EventReporting_Event_Enable,106297,Variable
BACnetScheduleType_EventReporting_Event_Time_Stamps,106299,Variable
BACnetScheduleType_EventReporting_Notification_Class,106300,Variable
BACnetScheduleType_EventReporting_Notify_Type,106301,Variable
BACnetEventReportingType_Event_Detection_Enable,106302,Variable
BACnetEventReportingType_Event_Algorithm_Inhibit_Ref,106303,Variable
BACnetEventReportingType_Event_Algorithm_Inhibit,106304,Variable
BACnetChangeOfLifeSafetyAlgorithmType_AlarmValues,106311,Variable
BACnetChangeOfLifeSafetyAlgorithmType_LifeSafetyAlarmValues,106312,Variable
BACnetFloatingLimitAlgorithmType_HighDiffLimit,106325,Variable
BACnetFloatingLimitAlgorithmType_Deadband,106326,Variable
BACnetFaultEvaluationType_FaultAlgorithm_Object_Identifier,106329,Variable
BACnetTimeManagementType_TimeSynchronization,107001,Method
BACnetBackupRestoreType_BACnetBackup,107004,Method
BACnetBackupRestoreType_BACnetRestore,107005,Method
BACnetDeviceRestartType_AddRestartRecipients,107006,Method
BACnetDeviceRestartType_RemoveRestartRecipients,107007,Method
BACnetDeviceType_BackupRestore_BACnetBackup,107008,Method
BACnetDeviceType_BackupRestore_BACnetRestore,107009,Method
BACnetDeviceType_DeviceRestart_AddRestartRecipients,107010,Method
BACnetDeviceType_DeviceRestart_RemoveRestartRecipients,107011,Method
BACnetScheduleType_AddObjectPropertyReferences,107014,Method
BACnetScheduleType_RemoveObjectPropertyReferences,107015,Method
BACnetEventEnrollmentType_SetEventAlgorithm,107016,Method
BACnetEventEnrollmentType_SetFaultAlgorithm,107017,Method
