FilterSystemType,1002,ObjectType
SeparatorType,1003,ObjectType
FilterAidDeviceType,1004,ObjectType
CleaningUnitType,1005,ObjectType
DischargeSystemType,1006,ObjectType
AirConnectionType,1007,ObjectType
SafetySystemType,1008,ObjectType
FanType,1009,ObjectType
SensorMonitoringType,1010,ObjectType
ConsumptionType,1011,ObjectType
FilterUnitType,1012,ObjectType
CartridgeFilterType,1013,ObjectType
WetSeparatorType,1014,ObjectType
HighVoltageUnitType,1015,ObjectType
CleaningUnitValveType,1016,ObjectType
TemperatureRegulatorType,1017,ObjectType
ElectrostaticPrecipitatorType,1018,ObjectType
IonizerType,1019,ObjectType
CollectorType,1020,ObjectType
AutomaticRollFilterType,1021,ObjectType
FilterMachineIdentificationType,1022,ObjectType
MaintenanceRequestedConditionType,1023,ObjectType
ContainerOpenConditionType,1024,ObjectType
MalfunctionAlarmType,1025,ObjectType
EndOfFilterRollAlarmType,1026,ObjectType
WashingAgentInflowOpenConditionType,1027,ObjectType
WashingAgentDrainOpenConditionType,1028,ObjectType
WashingAgentInflowMalfunctionAlarmType,1029,ObjectType
WashingAgentDrainMalfunctionAlarmType,1030,ObjectType
HighVoltageUnitSupplyActiveEventType,1031,ObjectType
CompressedAirSupplyInterruptedAlarmType,1032,ObjectType
FilterAidDeviceStatusChangedConditionType,1033,ObjectType
SensorSetpointReadType,1034,ObjectType
SensorSetpointWriteType,1035,ObjectType
CleaningUnitActiveConditionType,1036,ObjectType
CleaningRecommendedConditionType,1037,ObjectType
DischargeContainerInstalledConditionType,1038,ObjectType
MaintenanceSwitchConditionType,1039,ObjectType
AirConnectionStatusChangedConditionType,1040,ObjectType
SafetySystemTriggeredAlarmType,1041,ObjectType
AnalogDigitalEnum,3002,DataType
ControlModeEnum,3003,DataType
AirConnectionOpenEnum,3005,DataType
FilterAidDeviceStatusEnum,3006,DataType
Uses,4002,ReferenceType
SeparatorType_FilterMediumState,5001,Object
FilterSystemType_AirConsumption,5002,Object
SeparatorType_Humidity,5003,Object
FilterSystemType_FilterAidDevice,5004,Object
FilterSystemType_AirIntakeConnection,5005,Object
FilterSystemType_SafetySystem,5006,Object
FilterSystemType_Fan,5007,Object
FilterSystemType_AirOutletConnection,5008,Object
FilterAidDeviceType_FillingLevel,5009,Object
ElectrostaticPrecipitatorType_HighVoltageUnit,5010,Object
IonizerType_IonizerOutput,5011,Object
AirConnectionType_Airflow,5012,Object
FanType_RotationalSpeed,5013,Object
AirConnectionType_Pressure,5014,Object
ConsumptionType_CurrentConsumption,5015,Object
FilterSystemType_PressureLoss,5016,Object
FilterSystemType_PowerConsumption,5017,Object
FilterSystemType_FilterUnit,5018,Object
FilterSystemType_FilterUnit_Separator,5019,Object
FilterSystemType_FilterUnit_AirIntakeConnection,5020,Object
FilterSystemType_FilterUnit_AirOutletConnection,5021,Object
FilterUnitType_DischargeSystem,5022,Object
FilterUnitType_AirIntakeConnection,5023,Object
FilterUnitType_AirOutletConnection,5024,Object
SeparatorType_Temperature,5025,Object
SensorMonitoringType_Signal,5026,Object
CollectorType_CollectorOutput,5027,Object
FilterUnitType_PressureLoss,5028,Object
FilterUnitType_PowerConsumption,5029,Object
FilterUnitType_AirConsumption,5030,Object
FilterAidDeviceType_DosageAmount,5031,Object
Server_Namespaces_http___opcfoundation_org_UA_PAEFS_,5032,Object
SensorMonitoringType_Identification,5033,Object
SeparatorType_FilterMediumState_Signal,5034,Object
FilterAidDeviceType_PowerConsumption,5035,Object
FilterUnitType_Separator,5036,Object
FilterAidDeviceType_AirConsumption,5037,Object
FilterSystemType_FilterUnit_PressureLoss,5038,Object
HighVoltageUnitType_Ionizer,5039,Object
HighVoltageUnitType_Ionizer_IonizerOutput,5040,Object
HighVoltageUnitType_Collector,5041,Object
HighVoltageUnitType_Collector_CollectorOutput,5042,Object
CleaningUnitType_ReservoirPressure,5043,Object
FilterUnitType_CleaningUnit,5044,Object
TemperatureRegulatorType_Identification,5045,Object
TemperatureRegulatorType_MachineryItemState,5046,Object
TemperatureRegulatorType_Temperature,5047,Object
CleaningUnitType_FilterCleaningEffect,5048,Object
CleaningUnitType_Valve,5049,Object
SeparatorType_Humidity_Signal,5050,Object
CleaningUnitType_Identification,5051,Object
FilterAidDeviceType_FillingLevel_Signal,5052,Object
IonizerType_IonizerOutput_Signal,5053,Object
TemperatureRegulatorType_PowerConsumption,5054,Object
DischargeSystemType_FillingLevel,5055,Object
AirConnectionType_Airflow_Signal,5056,Object
FanType_RotationalSpeed_Signal,5057,Object
AirConnectionType_Pressure_Signal,5058,Object
ConsumptionType_CurrentConsumption_Signal,5059,Object
FilterSystemType_PressureLoss_Signal,5060,Object
SeparatorType_Temperature_Signal,5061,Object
CollectorType_CollectorOutput_Signal,5062,Object
FilterUnitType_PressureLoss_Signal,5063,Object
AirConnectionType_GasQuality,5064,Object
FanType_PowerConsumption,5065,Object
AirConnectionType_Humidity,5066,Object
AirConnectionType_Temperature,5067,Object
FilterAidDeviceType_DosageAmount_Signal,5068,Object
FilterSystemType_FilterUnit_PressureLoss_Signal,5069,Object
HighVoltageUnitType_Ionizer_IonizerOutput_Signal,5070,Object
HighVoltageUnitType_Collector_CollectorOutput_Signal,5071,Object
CleaningUnitType_ReservoirPressure_Signal,5072,Object
TemperatureRegulatorType_Temperature_Signal,5073,Object
CleaningUnitType_FilterCleaningEffect_Signal,5074,Object
DischargeSystemType_FillingLevel_Signal,5075,Object
AirConnectionType_GasQuality_Signal,5076,Object
CleaningUnitType_CleaningInterval,5077,Object
CleaningUnitType_AirConsumption,5078,Object
DischargeSystemType_AirConsumption,5079,Object
FanType_Identification,5080,Object
FilterSystemType_Fan_Identification,5081,Object
FilterUnitType_Identification,5082,Object
FilterSystemType_FilterUnit_Identification,5083,Object
FilterSystemType_Identification,5084,Object
FilterAidDeviceType_Identification,5085,Object
FilterSystemType_FilterAidDevice_Identification,5086,Object
DischargeSystemType_Identification,5087,Object
FilterUnitType_CleaningUnit_Identification,5088,Object
SafetySystemType_Identification,5089,Object
FilterSystemType_SafetySystem_Identification,5090,Object
SeparatorType_Identification,5091,Object
FilterUnitType_MachineryItemState,5092,Object
FilterUnitType_Airflow,5093,Object
FilterUnitType_Pressure,5094,Object
FilterUnitType_RotationalSpeed,5095,Object
AirConnectionType_Humidity_Signal,5096,Object
AirConnectionType_Temperature_Signal,5097,Object
CleaningUnitType_CleaningInterval_Signal,5098,Object
FilterUnitType_Airflow_Signal,5099,Object
FilterUnitType_Pressure_Signal,5100,Object
FilterUnitType_RotationalSpeed_Signal,5101,Object
SensorSetpointReadType_Signal,5102,Object
SensorSetpointWriteType_Signal,5103,Object
SeparatorType_MachineryItemState,5104,Object
FilterSystemType_TemperatureRegulator,5106,Object
CleaningUnitType_MachineryItemState,5199,Object
FilterUnitType_CleaningUnit_MachineryItemState,5200,Object
DischargeSystemType_MachineryItemState,5201,Object
FilterUnitType_DischargeSystem_MachineryItemState,5202,Object
FanType_MachineryItemState,5203,Object
FilterSystemType_Fan_MachineryItemState,5204,Object
FilterAidDeviceType_MachineryItemState,5205,Object
FilterSystemType_FilterAidDevice_MachineryItemState,5206,Object
FilterSystemType_MachineryItemState,5207,Object
FilterSystemType_FilterUnit_MachineryItemState,5208,Object
SafetySystemType_MachineryItemState,5209,Object
FilterSystemType_SafetySystem_MachineryItemState,5210,Object
FilterSystemType_SafetySystem_MachineryState,5211,Object
SensorMonitoringType_Signal_AnalogSignal,6001,Variable
SensorMonitoringType_Signal_AnalogSignal_EngineeringUnits,6002,Variable
SensorMonitoringType_Signal_AnalogSignal_EURange,6003,Variable
SensorMonitoringType_Signal_SignalTag,6004,Variable
SensorMonitoringType_Identification_Manufacturer,6005,Variable
SensorMonitoringType_Identification_SerialNumber,6006,Variable
SensorMonitoringType_SignalForm,6007,Variable
SeparatorType_FilterMediumState_Signal_AnalogSignal,6008,Variable
FilterAidDeviceStatusEnum_EnumStrings,6009,Variable
TypeDictionary_BinarySchema,6010,Variable
TypeDictionary_BinarySchema_NamespaceUri,6011,Variable
TypeDictionary_XmlSchema,6012,Variable
TypeDictionary_XmlSchema_NamespaceUri,6013,Variable
SeparatorType_FilterMediumState_Signal_AnalogSignal_EngineeringUnits,6014,Variable
SeparatorType_FilterMediumState_Signal_AnalogSignal_EURange,6015,Variable
ConsumptionType_LifetimeConsumption,6016,Variable
SeparatorType_FilterMediumState_Signal_SignalTag,6017,Variable
SeparatorType_Humidity_Signal_AnalogSignal,6018,Variable
SeparatorType_Humidity_Signal_AnalogSignal_EngineeringUnits,6019,Variable
DischargeSystemType_Identification_Manufacturer,6020,Variable
FilterSystemType_ControlMode,6021,Variable
SeparatorType_Humidity_Signal_AnalogSignal_EURange,6022,Variable
SeparatorType_Humidity_Signal_SignalTag,6023,Variable
FilterAidDeviceType_FillingLevel_Signal_AnalogSignal,6024,Variable
FilterAidDeviceType_FillingLevel_Signal_AnalogSignal_EngineeringUnits,6025,Variable
FilterAidDeviceType_FillingLevel_Signal_AnalogSignal_EURange,6026,Variable
FilterAidDeviceType_FillingLevel_Signal_SignalTag,6027,Variable
IonizerType_IonizerOutput_Signal_AnalogSignal,6028,Variable
IonizerType_IonizerOutput_Signal_AnalogSignal_EngineeringUnits,6029,Variable
ConsumptionType_LifetimeConsumption_EngineeringUnits,6030,Variable
IonizerType_IonizerOutput_Signal_AnalogSignal_EURange,6031,Variable
IonizerType_IonizerOutput_Signal_SignalTag,6032,Variable
AirConnectionType_Airflow_Signal_AnalogSignal,6033,Variable
TemperatureRegulatorType_Identification_Manufacturer,6034,Variable
AirConnectionType_Airflow_Signal_AnalogSignal_EngineeringUnits,6035,Variable
FilterUnitType_Malfunction,6036,Variable
FilterSystemType_FilterUnit_MaintenanceRequested,6037,Variable
AirConnectionType_Airflow_Signal_AnalogSignal_EURange,6038,Variable
HighVoltageUnitType_PowerOnDuration,6039,Variable
AirConnectionType_Airflow_Signal_SignalTag,6040,Variable
FanType_RotationalSpeed_Signal_AnalogSignal,6041,Variable
FanType_RotationalSpeed_Signal_AnalogSignal_EngineeringUnits,6042,Variable
FanType_RotationalSpeed_Signal_AnalogSignal_EURange,6043,Variable
FanType_RotationalSpeed_Signal_SignalTag,6044,Variable
AirConnectionType_Pressure_Signal_AnalogSignal,6045,Variable
MaintenanceSwitchConditionType_SwitchOn,6046,Variable
MaintenanceRequestedConditionType_Requested,6047,Variable
CleaningRecommendedConditionType_Recommended,6048,Variable
HighVoltageUnitSupplyActiveEventType_Active,6049,Variable
ContainerOpenConditionType_Open,6050,Variable
AirConnectionType_Pressure_Signal_AnalogSignal_EngineeringUnits,6051,Variable
AirConnectionType_Pressure_Signal_AnalogSignal_EURange,6052,Variable
AirConnectionType_Pressure_Signal_SignalTag,6053,Variable
FilterSystemType_PowerOnDuration,6054,Variable
ConsumptionType_CurrentConsumption_Signal_AnalogSignal,6055,Variable
ConsumptionType_CurrentConsumption_Signal_AnalogSignal_EngineeringUnits,6056,Variable
ConsumptionType_CurrentConsumption_Signal_AnalogSignal_EURange,6057,Variable
FilterSystemType_Malfunction,6058,Variable
WetSeparatorType_WashingAgentInflowOpen,6059,Variable
WetSeparatorType_WashingAgentInflowMalfunction,6060,Variable
WetSeparatorType_WashingAgentDrainOpen,6061,Variable
WetSeparatorType_WashingAgentDrainMalfunction,6062,Variable
ConsumptionType_CurrentConsumption_Signal_SignalTag,6063,Variable
FilterSystemType_PressureLoss_Signal_AnalogSignal,6064,Variable
FilterSystemType_PressureLoss_Signal_AnalogSignal_EngineeringUnits,6065,Variable
FilterSystemType_PressureLoss_Signal_AnalogSignal_EURange,6066,Variable
FilterSystemType_PressureLoss_Signal_SignalTag,6067,Variable
SeparatorType_Temperature_Signal_AnalogSignal,6068,Variable
SeparatorType_Temperature_Signal_AnalogSignal_EngineeringUnits,6069,Variable
SeparatorType_Temperature_Signal_AnalogSignal_EURange,6070,Variable
SeparatorType_Temperature_Signal_SignalTag,6071,Variable
CollectorType_CollectorOutput_Signal_AnalogSignal,6072,Variable
CollectorType_CollectorOutput_Signal_AnalogSignal_EngineeringUnits,6073,Variable
CollectorType_CollectorOutput_Signal_AnalogSignal_EURange,6074,Variable
CollectorType_CollectorOutput_Signal_SignalTag,6075,Variable
FilterUnitType_PressureLoss_Signal_AnalogSignal,6076,Variable
FilterUnitType_PressureLoss_Signal_AnalogSignal_EngineeringUnits,6077,Variable
FilterUnitType_PressureLoss_Signal_AnalogSignal_EURange,6078,Variable
FilterUnitType_PressureLoss_Signal_SignalTag,6079,Variable
FilterAidDeviceType_DosageAmount_Signal_AnalogSignal,6080,Variable
SeparatorType_FilterMediumOperatingHours,6081,Variable
CleaningUnitType_AutomaticCleaningEnabled,6082,Variable
FilterAidDeviceType_DosageAmount_Signal_AnalogSignal_EngineeringUnits,6083,Variable
FilterAidDeviceType_DosageAmount_Signal_AnalogSignal_EURange,6084,Variable
FilterAidDeviceType_DosageAmount_Signal_ProcessValueSetpoint,6085,Variable
FilterSystemType_FilterUnit_PressureLoss_Signal_AnalogSignal,6086,Variable
HighVoltageUnitType_SupplyActive,6087,Variable
HighVoltageUnitType_CurrentOutput,6088,Variable
HighVoltageUnitType_CurrentOutput_EngineeringUnits,6089,Variable
HighVoltageUnitType_CurrentOutput_EURange,6090,Variable
HighVoltageUnitType_Malfunction,6091,Variable
HighVoltageUnitType_OperationDuration,6092,Variable
HighVoltageUnitType_MaintenanceRequested,6093,Variable
FilterSystemType_FilterUnit_PressureLoss_Signal_AnalogSignal_EngineeringUnits,6094,Variable
FilterSystemType_FilterUnit_PressureLoss_Signal_AnalogSignal_EURange,6095,Variable
FilterSystemType_FilterUnit_PressureLoss_Signal_SignalTag,6096,Variable
HighVoltageUnitType_Ionizer_IonizerOutput_Signal_AnalogSignal,6097,Variable
HighVoltageUnitType_OperationCycleCounter,6098,Variable
HighVoltageUnitType_Ionizer_IonizerOutput_Signal_AnalogSignal_EngineeringUnits,6099,Variable
HighVoltageUnitType_Ionizer_IonizerOutput_Signal_AnalogSignal_EURange,6100,Variable
HighVoltageUnitType_Ionizer_IonizerOutput_Signal_SignalTag,6101,Variable
HighVoltageUnitType_Collector_CollectorOutput_Signal_AnalogSignal,6102,Variable
HighVoltageUnitType_Collector_CollectorOutput_Signal_AnalogSignal_EngineeringUnits,6103,Variable
HighVoltageUnitType_Collector_CollectorOutput_Signal_AnalogSignal_EURange,6104,Variable
HighVoltageUnitType_Collector_CollectorOutput_Signal_SignalTag,6105,Variable
CleaningUnitType_ReservoirPressure_Signal_AnalogSignal,6106,Variable
TemperatureRegulatorType_Identification_SerialNumber,6107,Variable
CleaningUnitType_ReservoirPressure_Signal_AnalogSignal_EngineeringUnits,6108,Variable
CleaningUnitType_ReservoirPressure_Signal_AnalogSignal_EURange,6109,Variable
CleaningUnitType_ReservoirPressure_Signal_SignalTag,6110,Variable
TemperatureRegulatorType_MachineryItemState_CurrentState,6111,Variable
TemperatureRegulatorType_Temperature_Signal_AnalogSignal,6112,Variable
TemperatureRegulatorType_Temperature_Signal_AnalogSignal_EngineeringUnits,6113,Variable
TemperatureRegulatorType_Temperature_Signal_AnalogSignal_EURange,6114,Variable
TemperatureRegulatorType_Temperature_Signal_SignalTag,6115,Variable
CleaningUnitType_FilterCleaningEffect_Signal_AnalogSignal,6116,Variable
CleaningUnitType_FilterCleaningEffect_Signal_AnalogSignal_EngineeringUnits,6117,Variable
CleaningUnitType_FilterCleaningEffect_Signal_AnalogSignal_EURange,6118,Variable
CleaningUnitType_FilterCleaningEffect_Signal_ProcessValueSetpoint,6119,Variable
DischargeSystemType_FillingLevel_Signal_AnalogSignal,6120,Variable
DischargeSystemType_FillingLevel_Signal_AnalogSignal_EngineeringUnits,6121,Variable
DischargeSystemType_FillingLevel_Signal_AnalogSignal_EURange,6122,Variable
DischargeSystemType_FillingLevel_Signal_SignalTag,6123,Variable
AirConnectionType_GasQuality_Signal_AnalogSignal,6124,Variable
AirConnectionType_GasQuality_Signal_AnalogSignal_EngineeringUnits,6125,Variable
AirConnectionType_GasQuality_Signal_AnalogSignal_EURange,6126,Variable
AirConnectionType_GasQuality_Signal_SignalTag,6127,Variable
AirConnectionType_Humidity_Signal_AnalogSignal,6128,Variable
AirConnectionType_Humidity_Signal_AnalogSignal_EngineeringUnits,6129,Variable
AirConnectionType_Humidity_Signal_AnalogSignal_EURange,6130,Variable
AirConnectionType_Humidity_Signal_SignalTag,6131,Variable
Server_Namespaces_http___opcfoundation_org_UA_PAEFS__IsNamespaceSubset,6132,Variable
Server_Namespaces_http___opcfoundation_org_UA_PAEFS__NamespacePublicationDate,6133,Variable
Server_Namespaces_http___opcfoundation_org_UA_PAEFS__NamespaceUri,6134,Variable
Server_Namespaces_http___opcfoundation_org_UA_PAEFS__NamespaceVersion,6135,Variable
Server_Namespaces_http___opcfoundation_org_UA_PAEFS__StaticNodeIdTypes,6136,Variable
Server_Namespaces_http___opcfoundation_org_UA_PAEFS__StaticNumericNodeIdRange,6137,Variable
Server_Namespaces_http___opcfoundation_org_UA_PAEFS__StaticStringNodeIdPattern,6138,Variable
DischargeSystemType_MaintenanceSwitchOn,6139,Variable
DischargeSystemType_DischargeContainerInstalled,6140,Variable
FilterUnitType_MaintenanceRequested,6141,Variable
FilterAidDeviceType_ContainerOpen,6142,Variable
FilterAidDeviceType_FilterAidDeviceStatus,6143,Variable
FilterAidDeviceType_DosingRequested,6144,Variable
FilterAidDeviceType_Malfunction,6145,Variable
FilterAidDeviceType_CompressedAirSupplyInterrupted,6146,Variable
FilterAidDeviceType_MachineryItemState_CurrentState,6147,Variable
AirConnectionType_Temperature_Signal_AnalogSignal,6148,Variable
AirConnectionType_Temperature_Signal_AnalogSignal_EngineeringUnits,6149,Variable
TemperatureRegulatorType_MachineryItemState_CurrentState_Id,6150,Variable
AirConnectionType_Temperature_Signal_AnalogSignal_EURange,6151,Variable
AirConnectionType_Temperature_Signal_SignalTag,6152,Variable
CleaningUnitType_CleaningInterval_Signal_AnalogSignal,6153,Variable
CleaningUnitType_CleaningInterval_Signal_AnalogSignal_EngineeringUnits,6154,Variable
CleaningUnitType_CleaningInterval_Signal_AnalogSignal_EURange,6155,Variable
CleaningUnitType_CleaningInterval_Signal_SignalTag,6156,Variable
FilterUnitType_Airflow_Signal_AnalogSignal,6157,Variable
FilterUnitType_Airflow_Signal_AnalogSignal_EngineeringUnits,6158,Variable
FilterUnitType_Airflow_Signal_AnalogSignal_EURange,6159,Variable
FilterUnitType_Airflow_Signal_SignalTag,6160,Variable
CleaningUnitType_CleaningActive,6161,Variable
FilterUnitType_Pressure_Signal_AnalogSignal,6162,Variable
FilterUnitType_Pressure_Signal_AnalogSignal_EngineeringUnits,6163,Variable
FilterUnitType_Pressure_Signal_AnalogSignal_EURange,6164,Variable
FilterUnitType_Pressure_Signal_SignalTag,6165,Variable
FilterUnitType_RotationalSpeed_Signal_AnalogSignal,6166,Variable
FilterUnitType_RotationalSpeed_Signal_AnalogSignal_EngineeringUnits,6167,Variable
FilterUnitType_RotationalSpeed_Signal_AnalogSignal_EURange,6168,Variable
FilterUnitType_RotationalSpeed_Signal_SignalTag,6169,Variable
SensorSetpointReadType_Signal_AnalogSignal,6170,Variable
SensorSetpointReadType_Signal_AnalogSignal_EngineeringUnits,6171,Variable
SensorSetpointReadType_Signal_AnalogSignal_EURange,6172,Variable
SensorSetpointReadType_Signal_SignalTag,6173,Variable
SensorSetpointWriteType_Signal_AnalogSignal,6174,Variable
SensorSetpointWriteType_Signal_AnalogSignal_EngineeringUnits,6175,Variable
SensorSetpointReadType_IsActiveSetpoint,6176,Variable
FilterSystemType_Identification_ProductInstanceUri,6177,Variable
FilterSystemType_Identification_Manufacturer,6178,Variable
FilterSystemType_Identification_SerialNumber,6179,Variable
FilterSystemType_OperationDuration,6180,Variable
FilterSystemType_OperationCycleCounter,6181,Variable
FilterUnitType_PowerOnDuration,6182,Variable
SensorSetpointWriteType_Signal_AnalogSignal_EURange,6183,Variable
SensorSetpointWriteType_Signal_SignalTag,6184,Variable
SensorSetpointReadType_Signal_ProcessValueSetpoint,6185,Variable
CleaningUnitType_TotalCleaningCycles,6186,Variable
CleaningUnitType_CleaningRecommended,6187,Variable
SensorSetpointReadType_Signal_ProcessValueSetpoint_EngineeringUnits,6188,Variable
SensorSetpointReadType_Signal_ProcessValueSetpoint_EURange,6189,Variable
CleaningUnitType_FilterCleaningEffect_Signal_ProcessValueSetpoint_EngineeringUnits,6190,Variable
CleaningUnitType_FilterCleaningEffect_Signal_ProcessValueSetpoint_EURange,6191,Variable
CleaningUnitType_FilterCleaningEffect_Signal_SignalTag,6192,Variable
FilterUnitType_Airflow_Signal_ProcessValueSetpoint,6193,Variable
FilterUnitType_CleaningUnit_Identification_Manufacturer,6194,Variable
CleaningUnitType_Valve_Malfunction,6195,Variable
FilterUnitType_Airflow_Signal_ProcessValueSetpoint_EngineeringUnits,6196,Variable
FilterUnitType_Airflow_Signal_ProcessValueSetpoint_EURange,6197,Variable
CleaningUnitType_Valve_Open,6198,Variable
CleaningUnitType_Identification_Manufacturer,6199,Variable
CleaningUnitType_Identification_SerialNumber,6200,Variable
FilterUnitType_CleaningUnit_Identification_SerialNumber,6201,Variable
SafetySystemType_Identification_Manufacturer,6202,Variable
SafetySystemType_Identification_SerialNumber,6203,Variable
FilterAidDeviceType_AutomaticDosingEnabled,6204,Variable
FilterUnitType_Pressure_Signal_ProcessValueSetpoint,6205,Variable
FilterUnitType_CleaningUnit_CleaningActive,6206,Variable
FilterUnitType_Pressure_Signal_ProcessValueSetpoint_EngineeringUnits,6207,Variable
FanType_MaintenanceSwitchOn,6208,Variable
FilterUnitType_Pressure_Signal_ProcessValueSetpoint_EURange,6209,Variable
FilterUnitType_RotationalSpeed_Signal_ProcessValueSetpoint,6210,Variable
FilterUnitType_RotationalSpeed_Signal_ProcessValueSetpoint_EngineeringUnits,6211,Variable
FilterUnitType_RotationalSpeed_Signal_ProcessValueSetpoint_EURange,6212,Variable
SensorSetpointWriteType_Signal_ProcessValueSetpoint,6213,Variable
SensorSetpointWriteType_Signal_ProcessValueSetpoint_EngineeringUnits,6214,Variable
SensorSetpointWriteType_Signal_ProcessValueSetpoint_EURange,6215,Variable
FanType_RotationalSpeed_Signal_ProcessValueSetpoint,6216,Variable
FanType_RotationalSpeed_Signal_ProcessValueSetpoint_EngineeringUnits,6217,Variable
FanType_RotationalSpeed_Signal_ProcessValueSetpoint_EURange,6218,Variable
SafetySystemType_Triggered,6219,Variable
FilterSystemType_SafetySystem_Triggered,6220,Variable
CleaningUnitType_ReservoirPressure_Signal_ProcessValueSetpoint,6221,Variable
CleaningUnitType_ReservoirPressure_Signal_ProcessValueSetpoint_EngineeringUnits,6222,Variable
CleaningUnitType_ReservoirPressure_Signal_ProcessValueSetpoint_EURange,6223,Variable
TemperatureRegulatorType_Temperature_Signal_ProcessValueSetpoint,6224,Variable
TemperatureRegulatorType_Temperature_Signal_ProcessValueSetpoint_EngineeringUnits,6225,Variable
TemperatureRegulatorType_Temperature_Signal_ProcessValueSetpoint_EURange,6226,Variable
CleaningUnitType_CleaningInterval_Signal_ProcessValueSetpoint,6227,Variable
CleaningUnitType_CleaningInterval_Signal_ProcessValueSetpoint_EngineeringUnits,6228,Variable
CleaningUnitType_CleaningInterval_Signal_ProcessValueSetpoint_EURange,6229,Variable
DischargeSystemType_DischargeSystemEnabled,6230,Variable
FilterAidDeviceType_DosageAmount_Signal_ProcessValueSetpoint_EngineeringUnits,6231,Variable
FilterAidDeviceType_DosageAmount_Signal_ProcessValueSetpoint_EURange,6232,Variable
TemperatureRegulatorType_Malfunction,6233,Variable
FilterAidDeviceType_DosageAmount_Signal_SignalTag,6234,Variable
FilterSystemType_FilterAidDevice_Malfunction,6235,Variable
SeparatorType_MachineryItemState_CurrentState,6236,Variable
SeparatorType_MachineryItemState_CurrentState_Id,6237,Variable
FilterSystemType_MaintenanceRequested,6238,Variable
AnalogDigitalEnum_EnumStrings,6240,Variable
ControlModeEnum_EnumStrings,6241,Variable
DischargeSystemType_Identification_SerialNumber,6242,Variable
FilterSystemType_Identification_ExIdentification,6243,Variable
FilterSystemType_Identification_RatedPower,6244,Variable
FilterSystemType_Identification_RatedPower_EngineeringUnits,6245,Variable
FilterSystemType_Identification_RatedPower_EURange,6246,Variable
FilterSystemType_Identification_NominalAirflow,6247,Variable
FilterSystemType_Identification_NominalAirflow_EngineeringUnits,6248,Variable
FilterSystemType_Identification_NominalAirflow_EURange,6249,Variable
FilterUnitType_OperationDuration,6250,Variable
FilterUnitType_OperationCycleCounter,6251,Variable
FilterUnitType_Identification_ExIdentification,6252,Variable
FilterUnitType_Identification_NominalAirflow,6253,Variable
FilterUnitType_Identification_NominalAirflow_EngineeringUnits,6254,Variable
FilterUnitType_Identification_NominalAirflow_EURange,6255,Variable
FilterUnitType_Identification_RatedPower,6256,Variable
FilterUnitType_Identification_RatedPower_EngineeringUnits,6257,Variable
FilterUnitType_Identification_RatedPower_EURange,6258,Variable
FilterSystemType_FilterUnit_Identification_RatedPower,6259,Variable
FilterSystemType_FilterUnit_Identification_RatedPower_EngineeringUnits,6260,Variable
FilterSystemType_FilterUnit_Identification_RatedPower_EURange,6261,Variable
FilterSystemType_FilterUnit_Identification_NominalAirflow,6262,Variable
FilterSystemType_FilterUnit_Identification_NominalAirflow_EngineeringUnits,6263,Variable
FilterSystemType_FilterUnit_Identification_NominalAirflow_EURange,6264,Variable
AirConnectionOpenEnum_EnumStrings,6266,Variable
FilterUnitType_SetAndActivateAirflowSetpoint_InputArguments,6277,Variable
FilterUnitType_SetAndActivatePressureSetpoint_InputArguments,6278,Variable
FilterUnitType_SetAndActivateRotationalSpeedSetpoint_InputArguments,6279,Variable
CleaningUnitValveType_Malfunction,6359,Variable
AutomaticRollFilterType_EndOfFilterRoll,6389,Variable
FanType_Malfunction,6395,Variable
FanType_MachineryItemState_CurrentState,6396,Variable
CleaningUnitType_Malfunction,6406,Variable
CleaningUnitType_MachineryItemState_CurrentState,6407,Variable
CleaningUnitValveType_Open,6418,Variable
DischargeSystemType_MachineryItemState_CurrentState,6419,Variable
DischargeSystemType_Malfunction,6420,Variable
FilterUnitType_DischargeSystem_MaintenanceSwitchOn,6425,Variable
AirConnectionType_ConnectionOpen,6426,Variable
AirConnectionType_Malfunction,6428,Variable
SafetySystemType_MachineryItemState_CurrentState,6429,Variable
SafetySystemType_Malfunction,6430,Variable
SafetySystemType_MachineryItemState_CurrentState_Id,6431,Variable
FilterSystemType_SafetySystem_Malfunction,6432,Variable
FanType_Identification_Manufacturer,6433,Variable
FanType_Identification_SerialNumber,6434,Variable
FilterSystemType_Fan_Identification_Manufacturer,6435,Variable
FilterSystemType_Fan_Identification_SerialNumber,6436,Variable
FilterMachineIdentificationType_NominalAirflow,6437,Variable
FilterMachineIdentificationType_NominalAirflow_EngineeringUnits,6438,Variable
FilterMachineIdentificationType_NominalAirflow_EURange,6439,Variable
FilterMachineIdentificationType_ExIdentification,6440,Variable
FilterMachineIdentificationType_RatedPower,6441,Variable
FilterMachineIdentificationType_RatedPower_EngineeringUnits,6442,Variable
FilterMachineIdentificationType_RatedPower_EURange,6443,Variable
FilterUnitType_Identification_Manufacturer,6444,Variable
FilterUnitType_Identification_SerialNumber,6445,Variable
FilterSystemType_FilterUnit_Identification_Manufacturer,6446,Variable
FilterSystemType_FilterUnit_Identification_SerialNumber,6447,Variable
FilterSystemType_FilterUnit_Malfunction,6452,Variable
FilterAidDeviceType_Identification_Manufacturer,6462,Variable
FilterAidDeviceType_Identification_SerialNumber,6463,Variable
FilterSystemType_FilterAidDevice_Identification_Manufacturer,6464,Variable
FilterSystemType_FilterAidDevice_Identification_SerialNumber,6465,Variable
FilterSystemType_SafetySystem_Identification_Manufacturer,6466,Variable
FilterSystemType_SafetySystem_Identification_SerialNumber,6467,Variable
SeparatorType_Identification_Manufacturer,6468,Variable
SeparatorType_Identification_SerialNumber,6469,Variable
FilterUnitType_MachineryItemState_CurrentState,6470,Variable
FilterUnitType_MachineryItemState_CurrentState_Id,6471,Variable
FilterUnitType_OperationOn,7001,Method
FilterUnitType_OperationOff,7002,Method
FilterUnitType_SetAndActivateAirflowSetpoint,7003,Method
FilterSystemType_OperationOn,7004,Method
FilterSystemType_OperationOff,7005,Method
FilterAidDeviceType_ResetFillingLevel,7006,Method
CleaningUnitType_RequestCleaning,7007,Method
AirConnectionType_Open,7008,Method
AirConnectionType_Close,7009,Method
FilterAidDeviceType_TriggerDosing,7042,Method
FilterUnitType_SetAndActivatePressureSetpoint,7071,Method
FilterUnitType_SetAndActivateRotationalSpeedSetpoint,7072,Method
WashingAgentInflowOpenConditionType_Open,8419,Variable
WashingAgentDrainOpenConditionType_Open,8420,Variable
FilterAidDeviceStatusChangedConditionType_Status,8421,Variable
CleaningUnitType_MachineryItemState_CurrentState_Id,8422,Variable
CleaningUnitActiveConditionType_Active,8424,Variable
DischargeContainerInstalledConditionType_Installed,8425,Variable
AirConnectionStatusChangedConditionType_Status,8427,Variable
FilterUnitType_CleaningUnit_MachineryItemState_CurrentState,8429,Variable
FilterUnitType_CleaningUnit_MachineryItemState_CurrentState_Id,8430,Variable
DischargeSystemType_MachineryItemState_CurrentState_Id,8431,Variable
FilterUnitType_DischargeSystem_MachineryItemState_CurrentState,8432,Variable
FilterUnitType_DischargeSystem_MachineryItemState_CurrentState_Id,8433,Variable
FanType_MachineryItemState_CurrentState_Id,8434,Variable
FilterSystemType_Fan_MachineryItemState_CurrentState,8435,Variable
FilterSystemType_Fan_MachineryItemState_CurrentState_Id,8436,Variable
FilterAidDeviceType_MachineryItemState_CurrentState_Id,8437,Variable
FilterSystemType_FilterAidDevice_MachineryItemState_CurrentState,8438,Variable
FilterSystemType_FilterAidDevice_MachineryItemState_CurrentState_Id,8439,Variable
FilterSystemType_MachineryItemState_CurrentState,8440,Variable
FilterSystemType_MachineryItemState_CurrentState_Id,8441,Variable
FilterSystemType_FilterUnit_MachineryItemState_CurrentState,8442,Variable
FilterSystemType_FilterUnit_MachineryItemState_CurrentState_Id,8443,Variable
FilterSystemType_SafetySystem_MachineryItemState_CurrentState,8444,Variable
FilterSystemType_SafetySystem_MachineryItemState_CurrentState_Id,8445,Variable
FilterSystemType_SafetySystem_MachineryState_CurrentState,8446,Variable
FilterSystemType_SafetySystem_MachineryState_CurrentState_Id,8447,Variable
