IVisionInfoType,1002,ObjectType
VisionMaintenanceInfoType,1003,ObjectType
VisionHealthInfoType,1004,ObjectType
VisionItemFolderType,1005,ObjectType
VisionMachineIdentificationType,1006,ObjectType
VisionComponentIdentificationType,1007,ObjectType
VisionSystemAssetType,1008,ObjectType
IComputingDeviceType,1009,ObjectType
VisionComputingDeviceType,1010,ObjectType
IDisplayUnitType,1011,ObjectType
IPhysicalInterfaceType,1012,ObjectType
ILensType,1013,ObjectType
VisionPhysicalInterfaceType,1014,ObjectType
ILightingControllerType,1015,ObjectType
ILampType,1016,ObjectType
ILicenseType,1017,ObjectType
ICableType,1018,ObjectType
VisionDisplayUnitType,1019,ObjectType
VisionImageSensorType,1020,ObjectType
VisionFrameGrabberType,1021,ObjectType
VisionLensType,1022,ObjectType
VisionLensControllerType,1023,ObjectType
VisionOpticalFilterType,1024,ObjectType
VisionOtherOpticalEquipmentType,1025,ObjectType
VisionWayEncoderType,1026,ObjectType
VisionTriggerSensorType,1027,ObjectType
VisionLampType,1028,ObjectType
VisionLightingControllerType,1029,ObjectType
VisionPatternGeneratorType,1030,ObjectType
VisionPowerSupplyType,1031,ObjectType
VisionAcquisitionBackgroundType,1032,ObjectType
VisionSurroundingEnvironmentType,1033,ObjectType
VisionHousingType,1034,ObjectType
VisionClimateControllerType,1035,ObjectType
VisionLicenseType,1036,ObjectType
VisionNetworkDeviceType,1037,ObjectType
VisionCableType,1038,ObjectType
VisionAspectImageTransmitterType,1039,ObjectType
VisionAspectImageReceiverType,1040,ObjectType
VisionAspectImageTransceiverType,1041,ObjectType
SEMI_E10SystemStateType,2002,VariableType
SEMI_E10SystemStateDataType,3002,DataType
SEMI_E10SystemStateInfoDataType,3003,DataType
HasOpticalPathTo,4002,ReferenceType
TransmitsDataTo,4003,ReferenceType
IVisionInfoType_Maintenance,5001,Object
IVisionInfoType_Health,5002,Object
IVisionInfoType_Identification,5003,Object
VisionItemFolderType_VisionItem,5004,Object
Server_Namespaces_http___opcfoundation_org_UA_MachineVision_AMCM_,5005,Object
VisionItemFolderType_VisionItem_Identification,5006,Object
VisionItemFolderType_VisionItem_Maintenance,5007,Object
VisionItemFolderType_VisionItem_Health,5008,Object
VisionSystemAssetType_Components,5009,Object
VisionSystemAssetType_ComputingDevices,5010,Object
VisionSystemAssetType_ComputingDevices_ComputingDevice,5011,Object
VisionSystemAssetType_DisplayUnits,5012,Object
VisionSystemAssetType_DisplayUnits_DisplayUnit,5013,Object
VisionSystemAssetType_PhysicalInterfaces,5014,Object
VisionSystemAssetType_PhysicalInterfaces_PhysicalInterface,5015,Object
VisionSystemAssetType_ImageSensors,5016,Object
VisionSystemAssetType_ImageSensors_ImageSensor,5017,Object
VisionSystemAssetType_FrameGrabbers,5018,Object
VisionSystemAssetType_FrameGrabbers_FrameGrabber,5019,Object
VisionSystemAssetType_Lenses,5020,Object
VisionSystemAssetType_Lenses_Lens,5021,Object
VisionSystemAssetType_LensControllers,5022,Object
VisionSystemAssetType_LensControllers_LensController,5023,Object
VisionSystemAssetType_OpticalFilters,5024,Object
VisionSystemAssetType_OpticalFilters_OpticalFilter,5025,Object
VisionSystemAssetType_OtherOpticalEquipments,5026,Object
VisionSystemAssetType_OtherOpticalEquipments_OtherOpticalEquipment,5027,Object
VisionSystemAssetType_WayEncoders,5028,Object
VisionSystemAssetType_WayEncoders_WayEncoder,5029,Object
VisionSystemAssetType_TriggerSensors,5030,Object
VisionSystemAssetType_TriggerSensors_TriggerSensor,5031,Object
VisionSystemAssetType_Lamps,5032,Object
VisionSystemAssetType_Lamps_Lamp,5033,Object
VisionSystemAssetType_LightingControllers,5034,Object
VisionSystemAssetType_LightingControllers_LightingController,5035,Object
VisionSystemAssetType_PatternGenerators,5036,Object
VisionSystemAssetType_PatternGenerators_PatternGenerator,5037,Object
VisionSystemAssetType_CalibrationTargets,5038,Object
VisionSystemAssetType_CalibrationTargets_CalibrationTarget,5039,Object
VisionSystemAssetType_AcquisitionBackgrounds,5040,Object
VisionSystemAssetType_AcquisitionBackgrounds_AcquisitionBackground,5041,Object
VisionSystemAssetType_SurroundingEnvironment,5042,Object
VisionSystemAssetType_SurroundingEnvironment_SurroundingEnvironment,5043,Object
VisionSystemAssetType_Housings,5044,Object
VisionSystemAssetType_Housings_Housing,5045,Object
VisionSystemAssetType_MotionDevices,5046,Object
VisionSystemAssetType_MotionDevices_MotionDevice,5047,Object
VisionSystemAssetType_PowerSupplies,5048,Object
VisionSystemAssetType_PowerSupplies_PowerSupply,5049,Object
VisionSystemAssetType_ClimateControllers,5050,Object
VisionSystemAssetType_ClimateControllers_ClimateController,5051,Object
VisionSystemAssetType_Licenses,5052,Object
VisionSystemAssetType_Licenses_License,5053,Object
VisionSystemAssetType_SoftwareComponents,5054,Object
VisionSystemAssetType_SoftwareComponents_Software,5055,Object
VisionSystemAssetType_NetworkDevices,5056,Object
VisionSystemAssetType_NetworkDevices_NetworkDevice,5057,Object
VisionSystemAssetType_Cables,5058,Object
VisionSystemAssetType_Cables_Cable,5059,Object
VisionSystemAssetType_ImageHandlingAspects,5060,Object
VisionSystemAssetType_Identification,5061,Object
VisionSystemAssetType_Maintenance,5062,Object
VisionSystemAssetType_Health,5063,Object
VisionSystemAssetType_ComputingDevices_ComputingDevice_Health,5064,Object
VisionSystemAssetType_ComputingDevices_ComputingDevice_Identification,5065,Object
VisionSystemAssetType_ComputingDevices_ComputingDevice_Maintenance,5066,Object
VisionSystemAssetType_DisplayUnits_DisplayUnit_Health,5067,Object
VisionSystemAssetType_DisplayUnits_DisplayUnit_Identification,5068,Object
VisionSystemAssetType_DisplayUnits_DisplayUnit_Maintenance,5069,Object
VisionSystemAssetType_PhysicalInterfaces_PhysicalInterface_Health,5070,Object
VisionSystemAssetType_PhysicalInterfaces_PhysicalInterface_Identification,5071,Object
VisionSystemAssetType_PhysicalInterfaces_PhysicalInterface_Maintenance,5072,Object
VisionSystemAssetType_ImageSensors_ImageSensor_Health,5073,Object
VisionSystemAssetType_ImageSensors_ImageSensor_Identification,5074,Object
VisionSystemAssetType_ImageSensors_ImageSensor_Maintenance,5075,Object
VisionSystemAssetType_FrameGrabbers_FrameGrabber_Health,5076,Object
VisionSystemAssetType_FrameGrabbers_FrameGrabber_Identification,5077,Object
VisionSystemAssetType_FrameGrabbers_FrameGrabber_Maintenance,5078,Object
VisionSystemAssetType_Lenses_Lens_Health,5079,Object
VisionSystemAssetType_Lenses_Lens_Identification,5080,Object
VisionSystemAssetType_Lenses_Lens_Maintenance,5081,Object
VisionSystemAssetType_LensControllers_LensController_Health,5082,Object
VisionSystemAssetType_LensControllers_LensController_Identification,5083,Object
VisionSystemAssetType_LensControllers_LensController_Maintenance,5084,Object
VisionSystemAssetType_OpticalFilters_OpticalFilter_Health,5085,Object
VisionSystemAssetType_OpticalFilters_OpticalFilter_Identification,5086,Object
VisionSystemAssetType_OpticalFilters_OpticalFilter_Maintenance,5087,Object
VisionSystemAssetType_OtherOpticalEquipments_OtherOpticalEquipment_Health,5088,Object
VisionSystemAssetType_OtherOpticalEquipments_OtherOpticalEquipment_Identification,5089,Object
VisionSystemAssetType_OtherOpticalEquipments_OtherOpticalEquipment_Maintenance,5090,Object
VisionSystemAssetType_WayEncoders_WayEncoder_Health,5091,Object
VisionSystemAssetType_WayEncoders_WayEncoder_Identification,5092,Object
VisionSystemAssetType_WayEncoders_WayEncoder_Maintenance,5093,Object
VisionSystemAssetType_TriggerSensors_TriggerSensor_Health,5094,Object
VisionSystemAssetType_TriggerSensors_TriggerSensor_Identification,5095,Object
VisionSystemAssetType_TriggerSensors_TriggerSensor_Maintenance,5096,Object
VisionSystemAssetType_Lamps_Lamp_Health,5097,Object
VisionSystemAssetType_Lamps_Lamp_Identification,5098,Object
VisionSystemAssetType_Lamps_Lamp_Maintenance,5099,Object
VisionSystemAssetType_LightingControllers_LightingController_Health,5100,Object
VisionSystemAssetType_LightingControllers_LightingController_Identification,5101,Object
VisionSystemAssetType_LightingControllers_LightingController_Maintenance,5102,Object
VisionSystemAssetType_PatternGenerators_PatternGenerator_Health,5103,Object
VisionSystemAssetType_PatternGenerators_PatternGenerator_Identification,5104,Object
VisionSystemAssetType_PatternGenerators_PatternGenerator_Maintenance,5105,Object
VisionSystemAssetType_CalibrationTargets_CalibrationTarget_Health,5106,Object
VisionSystemAssetType_CalibrationTargets_CalibrationTarget_Identification,5107,Object
VisionSystemAssetType_CalibrationTargets_CalibrationTarget_Maintenance,5108,Object
VisionItemFolderType_VisionItem_Health_DeviceHealthAlarms,5109,Object
VisionAcquisitionBackgroundType_Health_DeviceHealthAlarms,5110,Object
VisionSystemAssetType_Cables_Cable_Health_DeviceHealthAlarms,5111,Object
VisionSystemAssetType_SurroundingEnvironment_SurroundingEnvironment_Health,5112,Object
VisionSystemAssetType_SurroundingEnvironment_SurroundingEnvironment_Identification,5113,Object
VisionSystemAssetType_SurroundingEnvironment_SurroundingEnvironment_Maintenance,5114,Object
VisionSystemAssetType_Housings_Housing_Health,5115,Object
VisionSystemAssetType_Housings_Housing_Identification,5116,Object
VisionSystemAssetType_Housings_Housing_Maintenance,5117,Object
VisionSystemAssetType_MotionDevices_MotionDevice_Health,5118,Object
VisionSystemAssetType_MotionDevices_MotionDevice_Identification,5119,Object
VisionSystemAssetType_MotionDevices_MotionDevice_Maintenance,5120,Object
VisionSystemAssetType_PowerSupplies_PowerSupply_Health,5121,Object
VisionSystemAssetType_PowerSupplies_PowerSupply_Identification,5122,Object
VisionSystemAssetType_PowerSupplies_PowerSupply_Maintenance,5123,Object
VisionSystemAssetType_ClimateControllers_ClimateController_Health,5124,Object
VisionSystemAssetType_ClimateControllers_ClimateController_Identification,5125,Object
VisionSystemAssetType_ClimateControllers_ClimateController_Maintenance,5126,Object
VisionSystemAssetType_Licenses_License_Health,5127,Object
VisionSystemAssetType_Licenses_License_Identification,5128,Object
VisionSystemAssetType_Licenses_License_Maintenance,5129,Object
VisionSystemAssetType_SoftwareComponents_Software_Health,5130,Object
VisionSystemAssetType_SoftwareComponents_Software_Identification,5131,Object
VisionSystemAssetType_SoftwareComponents_Software_Maintenance,5132,Object
VisionSystemAssetType_NetworkDevices_NetworkDevice_Health,5133,Object
VisionSystemAssetType_NetworkDevices_NetworkDevice_Identification,5134,Object
VisionSystemAssetType_NetworkDevices_NetworkDevice_Maintenance,5135,Object
VisionSystemAssetType_Cables_Cable_Health,5136,Object
VisionSystemAssetType_Cables_Cable_Identification,5137,Object
VisionSystemAssetType_Cables_Cable_Maintenance,5138,Object
IComputingDeviceType_Health,5139,Object
IComputingDeviceType_Maintenance,5140,Object
VisionComputingDeviceType_Identification,5141,Object
VisionComputingDeviceType_Maintenance,5142,Object
VisionComputingDeviceType_Health,5143,Object
IDisplayUnitType_Maintenance,5144,Object
IPhysicalInterfaceType_Health,5145,Object
IPhysicalInterfaceType_Maintenance,5146,Object
ILensType_Maintenance,5147,Object
ILightingControllerType_Maintenance,5148,Object
ILampType_Maintenance,5149,Object
ILicenseType_Maintenance,5150,Object
ICableType_Maintenance,5151,Object
VisionDisplayUnitType_Health,5152,Object
VisionDisplayUnitType_Identification,5153,Object
VisionDisplayUnitType_Maintenance,5154,Object
VisionFrameGrabberType_Identification,5155,Object
VisionFrameGrabberType_Maintenance,5156,Object
VisionFrameGrabberType_Health,5157,Object
VisionHousingType_Health,5158,Object
VisionHousingType_Maintenance,5159,Object
VisionHousingType_Identification,5160,Object
VisionImageSensorType_Health,5161,Object
VisionImageSensorType_Identification,5162,Object
VisionImageSensorType_Maintenance,5163,Object
VisionLampType_Maintenance,5164,Object
VisionLampType_Identification,5165,Object
VisionLampType_Health,5166,Object
VisionLensControllerType_Maintenance,5167,Object
VisionLensControllerType_Identification,5168,Object
VisionLensControllerType_Health,5169,Object
VisionLensType_Health,5170,Object
VisionLensType_Maintenance,5171,Object
VisionLensType_Identification,5172,Object
VisionLicenseType_Identification,5173,Object
VisionLicenseType_Maintenance,5174,Object
VisionLicenseType_Health,5175,Object
VisionLightingControllerType_Maintenance,5176,Object
VisionLightingControllerType_Identification,5177,Object
VisionLightingControllerType_Health,5178,Object
VisionAcquisitionBackgroundType_Health,5179,Object
VisionAcquisitionBackgroundType_Maintenance,5180,Object
VisionAcquisitionBackgroundType_Identification,5181,Object
VisionCableType_Identification,5182,Object
VisionCableType_Maintenance,5183,Object
VisionCableType_Health,5184,Object
VisionNetworkDeviceType_Maintenance,5185,Object
VisionNetworkDeviceType_Health,5186,Object
VisionNetworkDeviceType_Identification,5187,Object
VisionOpticalFilterType_Identification,5188,Object
VisionOpticalFilterType_Maintenance,5189,Object
VisionOpticalFilterType_Health,5190,Object
VisionOtherOpticalEquipmentType_Health,5191,Object
VisionOtherOpticalEquipmentType_Maintenance,5192,Object
VisionOtherOpticalEquipmentType_Identification,5193,Object
VisionPatternGeneratorType_Identification,5194,Object
VisionPatternGeneratorType_Maintenance,5195,Object
VisionPatternGeneratorType_Health,5196,Object
VisionPhysicalInterfaceType_Maintenance,5197,Object
VisionPhysicalInterfaceType_Identification,5198,Object
VisionPhysicalInterfaceType_Health,5199,Object
VisionPowerSupplyType_Health,5200,Object
VisionPowerSupplyType_Maintenance,5201,Object
VisionPowerSupplyType_Identification,5202,Object
VisionSurroundingEnvironmentType_Identification,5203,Object
VisionSurroundingEnvironmentType_Maintenance,5204,Object
VisionSurroundingEnvironmentType_Health,5205,Object
VisionClimateControllerType_Health,5206,Object
VisionClimateControllerType_Maintenance,5207,Object
VisionClimateControllerType_Identification,5208,Object
VisionTriggerSensorType_Identification,5209,Object
VisionTriggerSensorType_Maintenance,5210,Object
VisionTriggerSensorType_Health,5211,Object
VisionWayEncoderType_Maintenance,5212,Object
VisionWayEncoderType_Health,5213,Object
VisionWayEncoderType_Identification,5214,Object
SEMI_E10SystemStateDataType_Encoding_DefaultBinary,5215,Object
SEMI_E10SystemStateDataType_Encoding_DefaultXml,5216,Object
SEMI_E10SystemStateDataType_Encoding_DefaultJson,5217,Object
SEMI_E10SystemStateInfoDataType_Encoding_DefaultBinary,5218,Object
SEMI_E10SystemStateInfoDataType_Encoding_DefaultXml,5219,Object
SEMI_E10SystemStateInfoDataType_Encoding_DefaultJson,5220,Object
VisionHealthInfoType_DeviceHealthAlarms,5221,Object
VisionSystemAssetType_ImageHandlingAspects_ImageHandlingAspect,5222,Object
VisionSystemAssetType_AcquisitionBackgrounds_AcquisitionBackground_Identification,5223,Object
VisionSystemAssetType_AcquisitionBackgrounds_AcquisitionBackground_Health,5224,Object
VisionSystemAssetType_AcquisitionBackgrounds_AcquisitionBackground_Maintenance,5225,Object
VisionSystemAssetType_AcquisitionBackgrounds_AcquisitionBackground_Health_DeviceHealthAlarms,5226,Object
VisionSystemAssetType_CalibrationTargets_CalibrationTarget_Health_DeviceHealthAlarms,5227,Object
VisionClimateControllerType_Health_DeviceHealthAlarms,5228,Object
VisionSystemAssetType_ClimateControllers_ClimateController_Health_DeviceHealthAlarms,5229,Object
VisionSystemAssetType_ComputingDevices_ComputingDevice_Health_DeviceHealthAlarms,5230,Object
VisionSystemAssetType_DisplayUnits_DisplayUnit_Health_DeviceHealthAlarms,5231,Object
VisionSystemAssetType_Health_DeviceHealthAlarms,5232,Object
VisionSystemAssetType_FrameGrabbers_FrameGrabber_Health_DeviceHealthAlarms,5233,Object
VisionSystemAssetType_Housings_Housing_Health_DeviceHealthAlarms,5234,Object
VisionSystemAssetType_ImageSensors_ImageSensor_Health_DeviceHealthAlarms,5235,Object
VisionSystemAssetType_Lamps_Lamp_Health_DeviceHealthAlarms,5236,Object
VisionSystemAssetType_LensControllers_LensController_Health_DeviceHealthAlarms,5237,Object
VisionSystemAssetType_Lenses_Lens_Health_DeviceHealthAlarms,5238,Object
VisionSystemAssetType_Licenses_License_Health_DeviceHealthAlarms,5239,Object
VisionSystemAssetType_LightingControllers_LightingController_Health_DeviceHealthAlarms,5240,Object
VisionSystemAssetType_MotionDevices_MotionDevice_Health_DeviceHealthAlarms,5241,Object
VisionSystemAssetType_NetworkDevices_NetworkDevice_Health_DeviceHealthAlarms,5242,Object
VisionSystemAssetType_OpticalFilters_OpticalFilter_Health_DeviceHealthAlarms,5243,Object
VisionSystemAssetType_OtherOpticalEquipments_OtherOpticalEquipment_Health_DeviceHealthAlarms,5244,Object
VisionSystemAssetType_PatternGenerators_PatternGenerator_Health_DeviceHealthAlarms,5245,Object
VisionSystemAssetType_PhysicalInterfaces_PhysicalInterface_Health_DeviceHealthAlarms,5246,Object
VisionSystemAssetType_PowerSupplies_PowerSupply_Health_DeviceHealthAlarms,5247,Object
VisionSystemAssetType_SoftwareComponents_Software_Health_DeviceHealthAlarms,5248,Object
VisionSystemAssetType_SurroundingEnvironment_SurroundingEnvironment_Health_DeviceHealthAlarms,5249,Object
VisionSystemAssetType_TriggerSensors_TriggerSensor_Health_DeviceHealthAlarms,5250,Object
VisionSystemAssetType_WayEncoders_WayEncoder_Health_DeviceHealthAlarms,5251,Object
VisionTriggerSensorType_Health_DeviceHealthAlarms,5252,Object
VisionWayEncoderType_Health_DeviceHealthAlarms,5253,Object
VisionCableType_Health_DeviceHealthAlarms,5254,Object
IVisionInfoType_Health_DeviceHealthAlarms,5255,Object
VisionDisplayUnitType_Health_DeviceHealthAlarms,5256,Object
VisionFrameGrabberType_Health_DeviceHealthAlarms,5257,Object
VisionMaintenanceInfoType_OperationCounters,5258,Object
IVisionInfoType_Maintenance_OperationCounters,5259,Object
VisionItemFolderType_VisionItem_Maintenance_OperationCounters,5260,Object
VisionSystemAssetType_AcquisitionBackgrounds_AcquisitionBackground_Maintenance_OperationCounters,5261,Object
VisionSystemAssetType_CalibrationTargets_CalibrationTarget_Maintenance_OperationCounters,5262,Object
VisionSystemAssetType_ClimateControllers_ClimateController_Maintenance_OperationCounters,5263,Object
VisionSystemAssetType_ComputingDevices_ComputingDevice_Maintenance_OperationCounters,5264,Object
VisionSystemAssetType_DisplayUnits_DisplayUnit_Maintenance_OperationCounters,5265,Object
VisionSystemAssetType_FrameGrabbers_FrameGrabber_Maintenance_OperationCounters,5266,Object
VisionSystemAssetType_Housings_Housing_Maintenance_OperationCounters,5267,Object
VisionSystemAssetType_ImageSensors_ImageSensor_Maintenance_OperationCounters,5268,Object
VisionSystemAssetType_Lamps_Lamp_Maintenance_OperationCounters,5269,Object
VisionSystemAssetType_LensControllers_LensController_Maintenance_OperationCounters,5270,Object
VisionSystemAssetType_Lenses_Lens_Maintenance_OperationCounters,5271,Object
VisionSystemAssetType_Licenses_License_Maintenance_OperationCounters,5272,Object
VisionSystemAssetType_LightingControllers_LightingController_Maintenance_OperationCounters,5273,Object
VisionSystemAssetType_Maintenance_OperationCounters,5274,Object
VisionSystemAssetType_MotionDevices_MotionDevice_Maintenance_OperationCounters,5275,Object
VisionSystemAssetType_NetworkDevices_NetworkDevice_Maintenance_OperationCounters,5276,Object
VisionSystemAssetType_OpticalFilters_OpticalFilter_Maintenance_OperationCounters,5277,Object
VisionSystemAssetType_OtherOpticalEquipments_OtherOpticalEquipment_Maintenance_OperationCounters,5278,Object
VisionSystemAssetType_PatternGenerators_PatternGenerator_Maintenance_OperationCounters,5279,Object
VisionSystemAssetType_PhysicalInterfaces_PhysicalInterface_Maintenance_OperationCounters,5280,Object
VisionSystemAssetType_PowerSupplies_PowerSupply_Maintenance_OperationCounters,5281,Object
VisionSystemAssetType_SoftwareComponents_Software_Maintenance_OperationCounters,5282,Object
VisionSystemAssetType_SurroundingEnvironment_SurroundingEnvironment_Maintenance_OperationCounters,5283,Object
VisionSystemAssetType_TriggerSensors_TriggerSensor_Maintenance_OperationCounters,5284,Object
VisionSystemAssetType_WayEncoders_WayEncoder_Maintenance_OperationCounters,5285,Object
VisionSystemAssetType_Cables_Cable_Maintenance_OperationCounters,5286,Object
IComputingDeviceType_Health_DeviceHealthAlarms,5287,Object
VisionMaintenanceInfoType_StartOfWarranty,6001,Variable
VisionMaintenanceInfoType_OperationCounters_OperationCycleCounter,6002,Variable
VisionMaintenanceInfoType_NextService,6003,Variable
VisionMaintenanceInfoType_OperationCounters_OperationDuration,6004,Variable
VisionMaintenanceInfoType_CalibrationNeeded,6005,Variable
VisionMaintenanceInfoType_LastCalibration,6006,Variable
VisionMaintenanceInfoType_NextCalibration,6007,Variable
VisionMaintenanceInfoType_ServiceClass,6008,Variable
VisionMaintenanceInfoType_MaintenanceRecord,6009,Variable
VisionHealthInfoType_RemainingLifeTime,6010,Variable
VisionHealthInfoType_Temperature,6011,Variable
VisionHealthInfoType_Temperature_EngineeringUnits,6012,Variable
VisionHealthInfoType_State,6013,Variable
IVisionInfoType_Identification_Manufacturer,6014,Variable
IVisionInfoType_Identification_SerialNumber,6015,Variable
Server_Namespaces_http___opcfoundation_org_UA_MachineVision_AMCM__IsNamespaceSubset,6016,Variable
Server_Namespaces_http___opcfoundation_org_UA_MachineVision_AMCM__NamespacePublicationDate,6017,Variable
Server_Namespaces_http___opcfoundation_org_UA_MachineVision_AMCM__NamespaceUri,6018,Variable
Server_Namespaces_http___opcfoundation_org_UA_MachineVision_AMCM__NamespaceVersion,6019,Variable
Server_Namespaces_http___opcfoundation_org_UA_MachineVision_AMCM__StaticNodeIdTypes,6020,Variable
Server_Namespaces_http___opcfoundation_org_UA_MachineVision_AMCM__StaticNumericNodeIdRange,6021,Variable
Server_Namespaces_http___opcfoundation_org_UA_MachineVision_AMCM__StaticStringNodeIdPattern,6022,Variable
VisionItemFolderType_VisionItem_Identification_Manufacturer,6023,Variable
VisionItemFolderType_VisionItem_Identification_SerialNumber,6024,Variable
VisionMaintenanceInfoType_LastService,6025,Variable
VisionMachineIdentificationType_ConfigurationCode,6026,Variable
VisionMaintenanceInfoType_OperationCounters_PowerOnDuration,6027,Variable
VisionMaintenanceInfoType_ServiceClass_EnumStrings,6028,Variable
VisionComponentIdentificationType_ConfigurationCode,6029,Variable
IVisionInfoType_Maintenance_ServiceClass,6030,Variable
IVisionInfoType_Maintenance_ServiceClass_EnumStrings,6031,Variable
VisionSystemAssetType_Identification_ProductInstanceUri,6033,Variable
VisionSystemAssetType_Identification_Manufacturer,6034,Variable
VisionSystemAssetType_Identification_SerialNumber,6035,Variable
VisionSystemAssetType_ComputingDevices_ComputingDevice_Identification_Manufacturer,6036,Variable
VisionSystemAssetType_ComputingDevices_ComputingDevice_Identification_SerialNumber,6037,Variable
VisionSystemAssetType_DisplayUnits_DisplayUnit_Identification_Manufacturer,6038,Variable
VisionSystemAssetType_DisplayUnits_DisplayUnit_Identification_SerialNumber,6039,Variable
VisionSystemAssetType_PhysicalInterfaces_PhysicalInterface_Identification_Manufacturer,6040,Variable
VisionSystemAssetType_PhysicalInterfaces_PhysicalInterface_Identification_SerialNumber,6041,Variable
VisionSystemAssetType_ImageSensors_ImageSensor_Identification_Manufacturer,6042,Variable
VisionSystemAssetType_ImageSensors_ImageSensor_Identification_SerialNumber,6043,Variable
VisionSystemAssetType_FrameGrabbers_FrameGrabber_Identification_Manufacturer,6044,Variable
VisionSystemAssetType_FrameGrabbers_FrameGrabber_Identification_SerialNumber,6045,Variable
VisionSystemAssetType_Lenses_Lens_Identification_Manufacturer,6046,Variable
VisionSystemAssetType_Lenses_Lens_Identification_SerialNumber,6047,Variable
VisionSystemAssetType_LensControllers_LensController_Identification_Manufacturer,6048,Variable
VisionSystemAssetType_LensControllers_LensController_Identification_SerialNumber,6049,Variable
VisionSystemAssetType_OpticalFilters_OpticalFilter_Identification_Manufacturer,6050,Variable
VisionSystemAssetType_OpticalFilters_OpticalFilter_Identification_SerialNumber,6051,Variable
VisionSystemAssetType_OtherOpticalEquipments_OtherOpticalEquipment_Identification_Manufacturer,6052,Variable
VisionSystemAssetType_OtherOpticalEquipments_OtherOpticalEquipment_Identification_SerialNumber,6053,Variable
VisionSystemAssetType_WayEncoders_WayEncoder_Identification_Manufacturer,6054,Variable
VisionSystemAssetType_WayEncoders_WayEncoder_Identification_SerialNumber,6055,Variable
VisionSystemAssetType_TriggerSensors_TriggerSensor_Identification_Manufacturer,6056,Variable
VisionSystemAssetType_TriggerSensors_TriggerSensor_Identification_SerialNumber,6057,Variable
VisionSystemAssetType_Lamps_Lamp_Identification_Manufacturer,6058,Variable
VisionSystemAssetType_Lamps_Lamp_Identification_SerialNumber,6059,Variable
VisionSystemAssetType_LightingControllers_LightingController_Identification_Manufacturer,6060,Variable
VisionSystemAssetType_LightingControllers_LightingController_Identification_SerialNumber,6061,Variable
VisionSystemAssetType_PatternGenerators_PatternGenerator_Identification_Manufacturer,6062,Variable
VisionSystemAssetType_PatternGenerators_PatternGenerator_Identification_SerialNumber,6063,Variable
VisionSystemAssetType_CalibrationTargets_CalibrationTarget_Identification_Manufacturer,6064,Variable
VisionSystemAssetType_CalibrationTargets_CalibrationTarget_Identification_SerialNumber,6065,Variable
VisionItemFolderType_VisionItem_Health_RemainingLifeTime,6066,Variable
VisionItemFolderType_VisionItem_Health_State,6067,Variable
VisionSystemAssetType_SurroundingEnvironment_SurroundingEnvironment_Identification_Manufacturer,6068,Variable
VisionSystemAssetType_SurroundingEnvironment_SurroundingEnvironment_Identification_SerialNumber,6069,Variable
VisionSystemAssetType_Housings_Housing_Identification_Manufacturer,6070,Variable
VisionSystemAssetType_Housings_Housing_Identification_SerialNumber,6071,Variable
VisionSystemAssetType_MotionDevices_MotionDevice_Identification_Manufacturer,6072,Variable
VisionSystemAssetType_MotionDevices_MotionDevice_Identification_SerialNumber,6073,Variable
VisionSystemAssetType_PowerSupplies_PowerSupply_Identification_Manufacturer,6074,Variable
VisionSystemAssetType_PowerSupplies_PowerSupply_Identification_SerialNumber,6075,Variable
VisionSystemAssetType_ClimateControllers_ClimateController_Identification_Manufacturer,6076,Variable
VisionSystemAssetType_ClimateControllers_ClimateController_Identification_SerialNumber,6077,Variable
VisionSystemAssetType_Licenses_License_Identification_Manufacturer,6078,Variable
VisionSystemAssetType_Licenses_License_Identification_SerialNumber,6079,Variable
VisionSystemAssetType_SoftwareComponents_Software_Identification_Manufacturer,6080,Variable
VisionSystemAssetType_SoftwareComponents_Software_Identification_SerialNumber,6081,Variable
VisionSystemAssetType_NetworkDevices_NetworkDevice_Identification_Manufacturer,6082,Variable
VisionSystemAssetType_NetworkDevices_NetworkDevice_Identification_SerialNumber,6083,Variable
VisionSystemAssetType_Cables_Cable_Identification_Manufacturer,6084,Variable
VisionSystemAssetType_Cables_Cable_Identification_SerialNumber,6085,Variable
IComputingDeviceType_Health_BatteryState,6086,Variable
IComputingDeviceType_Health_CCUState,6087,Variable
VisionFrameGrabberType_Identification_Manufacturer,6088,Variable
IComputingDeviceType_Health_MassStorageState,6089,Variable
IComputingDeviceType_Health_PatchLevel,6090,Variable
IComputingDeviceType_Health_RAMState,6091,Variable
VisionPhysicalInterfaceType_Health_ConnectionStatus,6092,Variable
IComputingDeviceType_Maintenance_OperatingSystemInfo,6093,Variable
IComputingDeviceType_Maintenance_DriverInfo,6094,Variable
IComputingDeviceType_Maintenance_SoftwareImageInfo,6095,Variable
VisionComputingDeviceType_Identification_Manufacturer,6096,Variable
VisionComputingDeviceType_Identification_SerialNumber,6097,Variable
IDisplayUnitType_Maintenance_InputInUse,6098,Variable
IDisplayUnitType_Maintenance_ResolutionInUse,6099,Variable
VisionPhysicalInterfaceType_Maintenance_ConnectorType,6100,Variable
VisionComputingDeviceType_Maintenance_OperatingSystemInfo,6101,Variable
IDisplayUnitType_Maintenance_InputSignalDetected,6102,Variable
VisionComputingDeviceType_Maintenance_DriverInfo,6103,Variable
VisionComputingDeviceType_Maintenance_SoftwareImageInfo,6104,Variable
VisionComputingDeviceType_Health_BatteryState,6105,Variable
VisionComputingDeviceType_Health_CCUState,6106,Variable
VisionFrameGrabberType_Identification_SerialNumber,6107,Variable
VisionComputingDeviceType_Health_MassStorageState,6108,Variable
VisionComputingDeviceType_Health_PatchLevel,6109,Variable
VisionComputingDeviceType_Health_RAMState,6110,Variable
VisionDisplayUnitType_Identification_Manufacturer,6111,Variable
VisionDisplayUnitType_Identification_SerialNumber,6112,Variable
VisionDisplayUnitType_Maintenance_InputInUse,6113,Variable
IPhysicalInterfaceType_Health_ConnectionStatus,6114,Variable
IPhysicalInterfaceType_Maintenance_ConnectorType,6115,Variable
ILensType_Maintenance_MountType,6116,Variable
ILensType_Maintenance_MountType_EnumStrings,6117,Variable
ILensType_Maintenance_LensType,6118,Variable
ILensType_Maintenance_FocalLength,6119,Variable
ILensType_Maintenance_Aperture,6120,Variable
ILensType_Maintenance_ModulationTransferFunction,6121,Variable
ILensType_Maintenance_Resolution,6122,Variable
ILensType_Maintenance_BackFocalLength,6123,Variable
ILensType_Maintenance_MinimumWorkingDistance,6124,Variable
ILensType_Maintenance_Magnification,6125,Variable
ILensType_Maintenance_WorkingDistance,6126,Variable
ILensType_Maintenance_OpticalFormat,6127,Variable
ILightingControllerType_Maintenance_LightingMode,6128,Variable
ILightingControllerType_Maintenance_LightingMode_EnumStrings,6129,Variable
ILampType_Maintenance_LampType,6130,Variable
ILampType_Maintenance_Quality,6131,Variable
ILampType_Maintenance_Wavelength,6132,Variable
ILampType_Maintenance_RelativeIntensity,6133,Variable
ILampType_Maintenance_WorkingDistance,6134,Variable
ILicenseType_Maintenance_EndDate,6135,Variable
ILicenseType_Maintenance_StartDate,6136,Variable
ILicenseType_Maintenance_LicenseId,6137,Variable
ILicenseType_Maintenance_LicenseType,6138,Variable
ILicenseType_Maintenance_LicenseReference,6139,Variable
ILicenseType_Maintenance_LicenseDescription,6140,Variable
ILicenseType_Maintenance_EnabledFeatures,6141,Variable
ICableType_Maintenance_Length,6142,Variable
ICableType_Maintenance_Diameter,6143,Variable
ICableType_Maintenance_Shielding,6144,Variable
ICableType_Maintenance_Connectors,6145,Variable
VisionDisplayUnitType_Maintenance_InputSignalDetected,6146,Variable
VisionDisplayUnitType_Maintenance_ResolutionInUse,6147,Variable
VisionHousingType_Identification_Manufacturer,6148,Variable
VisionHousingType_Identification_SerialNumber,6149,Variable
VisionImageSensorType_Identification_Manufacturer,6150,Variable
VisionImageSensorType_Identification_SerialNumber,6151,Variable
VisionLampType_Identification_Manufacturer,6152,Variable
VisionLampType_Identification_SerialNumber,6153,Variable
VisionLensControllerType_Identification_Manufacturer,6154,Variable
VisionLensControllerType_Identification_SerialNumber,6155,Variable
VisionLensType_Identification_Manufacturer,6156,Variable
VisionLensType_Identification_SerialNumber,6157,Variable
VisionLicenseType_Identification_Manufacturer,6158,Variable
VisionLicenseType_Identification_SerialNumber,6159,Variable
VisionLightingControllerType_Identification_Manufacturer,6160,Variable
VisionLightingControllerType_Identification_SerialNumber,6161,Variable
VisionAcquisitionBackgroundType_Identification_Manufacturer,6162,Variable
VisionAcquisitionBackgroundType_Identification_SerialNumber,6163,Variable
VisionCableType_Identification_Manufacturer,6164,Variable
VisionCableType_Identification_SerialNumber,6165,Variable
VisionNetworkDeviceType_Identification_Manufacturer,6166,Variable
VisionNetworkDeviceType_Identification_SerialNumber,6167,Variable
VisionOpticalFilterType_Identification_Manufacturer,6168,Variable
VisionOpticalFilterType_Identification_SerialNumber,6169,Variable
VisionOtherOpticalEquipmentType_Identification_Manufacturer,6170,Variable
VisionOtherOpticalEquipmentType_Identification_SerialNumber,6171,Variable
VisionPatternGeneratorType_Identification_Manufacturer,6172,Variable
VisionPatternGeneratorType_Identification_SerialNumber,6173,Variable
VisionPhysicalInterfaceType_Identification_Manufacturer,6174,Variable
VisionPhysicalInterfaceType_Identification_SerialNumber,6175,Variable
VisionPowerSupplyType_Identification_Manufacturer,6176,Variable
VisionPowerSupplyType_Identification_SerialNumber,6177,Variable
VisionSurroundingEnvironmentType_Identification_Manufacturer,6178,Variable
VisionSurroundingEnvironmentType_Identification_SerialNumber,6179,Variable
VisionClimateControllerType_Identification_Manufacturer,6180,Variable
VisionClimateControllerType_Identification_SerialNumber,6181,Variable
VisionTriggerSensorType_Identification_Manufacturer,6182,Variable
VisionTriggerSensorType_Identification_SerialNumber,6183,Variable
VisionWayEncoderType_Identification_Manufacturer,6184,Variable
VisionWayEncoderType_Identification_SerialNumber,6185,Variable
TypeDictionary_BinarySchema,6186,Variable
TypeDictionary_BinarySchema_NamespaceUri,6187,Variable
TypeDictionary_XmlSchema,6188,Variable
TypeDictionary_XmlSchema_NamespaceUri,6189,Variable
TypeDictionary_BinarySchema_SEMI_E10SystemStateDataType,6190,Variable
TypeDictionary_XmlSchema_SEMI_E10SystemStateDataType,6191,Variable
TypeDictionary_BinarySchema_SEMI_E10SystemStateInfoDataType,6192,Variable
TypeDictionary_XmlSchema_SEMI_E10SystemStateInfoDataType,6193,Variable
SEMI_E10SystemStateType_SubStates,6194,Variable
SEMI_E10SystemStateType_StatesInfo,6195,Variable
SEMI_E10SystemStateType_CausePath,6196,Variable
SEMI_E10SystemStateType_SubStates_StatesInfo,6197,Variable
IVisionInfoType_Health_RemainingLifeTime,6198,Variable
IVisionInfoType_Health_State,6199,Variable
IVisionInfoType_Health_Temperature,6200,Variable
IVisionInfoType_Health_Temperature_EngineeringUnits,6201,Variable
IVisionInfoType_Maintenance_CalibrationNeeded,6202,Variable
IVisionInfoType_Maintenance_LastCalibration,6204,Variable
IVisionInfoType_Maintenance_MaintenanceRecord,6205,Variable
IVisionInfoType_Maintenance_NextCalibration,6207,Variable
IVisionInfoType_Maintenance_NextService,6208,Variable
IVisionInfoType_Maintenance_StartOfWarranty,6210,Variable
IVisionInfoType_Identification_AssetId,6211,Variable
IVisionInfoType_Identification_ComponentName,6212,Variable
IVisionInfoType_Identification_DeviceClass,6213,Variable
IVisionInfoType_Identification_HardwareRevision,6214,Variable
IVisionInfoType_Identification_InitialOperationDate,6215,Variable
IVisionInfoType_Identification_ManufacturerUri,6216,Variable
IVisionInfoType_Identification_Model,6217,Variable
IVisionInfoType_Identification_MonthOfConstruction,6218,Variable
IVisionInfoType_Identification_ProductCode,6219,Variable
IVisionInfoType_Identification_ProductInstanceUri,6220,Variable
IVisionInfoType_Identification_SoftwareRevision,6221,Variable
IVisionInfoType_Identification_YearOfConstruction,6222,Variable
VisionHealthInfoType_State_StatesInfo,6223,Variable
IVisionInfoType_Health_State_StatesInfo,6224,Variable
VisionMaintenanceInfoType_FirmwareInfo,6225,Variable
VisionLensType_Maintenance_MountType,6226,Variable
VisionLensType_Maintenance_MountType_EnumStrings,6227,Variable
VisionLensType_Maintenance_LensType,6228,Variable
VisionLensType_Maintenance_FocalLength,6229,Variable
VisionLensType_Maintenance_Aperture,6230,Variable
VisionLensType_Maintenance_ModulationTransferFunction,6231,Variable
VisionLensType_Maintenance_Resolution,6232,Variable
VisionLensType_Maintenance_BackFocalLength,6233,Variable
VisionLensType_Maintenance_MinimumWorkingDistance,6234,Variable
VisionLensType_Maintenance_Magnification,6235,Variable
VisionLensType_Maintenance_WorkingDistance,6236,Variable
VisionLensType_Maintenance_OpticalFormat,6237,Variable
VisionLightingControllerType_Maintenance_LightingMode,6238,Variable
VisionLightingControllerType_Maintenance_LightingMode_EnumStrings,6239,Variable
VisionLampType_Maintenance_LampType,6240,Variable
VisionLampType_Maintenance_Quality,6241,Variable
VisionLampType_Maintenance_Wavelength,6242,Variable
VisionLampType_Maintenance_RelativeIntensity,6243,Variable
VisionLampType_Maintenance_WorkingDistance,6244,Variable
VisionLicenseType_Maintenance_EndDate,6245,Variable
VisionLicenseType_Maintenance_StartDate,6246,Variable
VisionLicenseType_Maintenance_LicenseId,6247,Variable
VisionLicenseType_Maintenance_LicenseType,6248,Variable
VisionLicenseType_Maintenance_LicenseReference,6249,Variable
VisionLicenseType_Maintenance_LicenseDescription,6250,Variable
VisionLicenseType_Maintenance_EnableFeatures,6251,Variable
ICableType_Maintenance_Diameter_EngineeringUnits,6252,Variable
ICableType_Maintenance_Length_EngineeringUnits,6253,Variable
VisionCableType_Maintenance_CalibrationNeeded,6254,Variable
VisionCableType_Maintenance_FirmwareInfo,6255,Variable
VisionCableType_Maintenance_LastCalibration,6257,Variable
VisionCableType_Maintenance_MaintenanceRecord,6258,Variable
VisionItemFolderType_VisionItem_Health_State_StatesInfo,6260,Variable
VisionItemFolderType_VisionItem_Health_Temperature,6261,Variable
VisionItemFolderType_VisionItem_Health_Temperature_EngineeringUnits,6262,Variable
VisionItemFolderType_VisionItem_Maintenance_CalibrationNeeded,6263,Variable
VisionItemFolderType_VisionItem_Maintenance_FirmwareInfo,6264,Variable
VisionItemFolderType_VisionItem_Maintenance_LastCalibration,6266,Variable
VisionItemFolderType_VisionItem_Maintenance_MaintenanceRecord,6267,Variable
VisionItemFolderType_VisionItem_Maintenance_NextCalibration,6269,Variable
VisionItemFolderType_VisionItem_Maintenance_NextService,6270,Variable
VisionItemFolderType_VisionItem_Maintenance_StartOfWarranty,6272,Variable
VisionAcquisitionBackgroundType_Health_RemainingLifeTime,6273,Variable
VisionAcquisitionBackgroundType_Health_State,6274,Variable
VisionAcquisitionBackgroundType_Health_State_StatesInfo,6275,Variable
VisionAcquisitionBackgroundType_Health_Temperature,6276,Variable
VisionAcquisitionBackgroundType_Health_Temperature_EngineeringUnits,6277,Variable
VisionAcquisitionBackgroundType_Maintenance_CalibrationNeeded,6278,Variable
VisionAcquisitionBackgroundType_Maintenance_FirmwareInfo,6279,Variable
VisionAcquisitionBackgroundType_Maintenance_LastCalibration,6281,Variable
VisionAcquisitionBackgroundType_Maintenance_MaintenanceRecord,6282,Variable
VisionAcquisitionBackgroundType_Maintenance_NextCalibration,6284,Variable
VisionAcquisitionBackgroundType_Maintenance_NextService,6285,Variable
VisionAcquisitionBackgroundType_Maintenance_StartOfWarranty,6287,Variable
VisionSystemAssetType_Cables_Cable_Health_RemainingLifeTime,6288,Variable
VisionSystemAssetType_Cables_Cable_Health_State,6289,Variable
VisionSystemAssetType_Cables_Cable_Health_State_StatesInfo,6290,Variable
VisionSystemAssetType_Cables_Cable_Health_Temperature,6291,Variable
VisionSystemAssetType_Cables_Cable_Health_Temperature_EngineeringUnits,6292,Variable
VisionSystemAssetType_Cables_Cable_Maintenance_CalibrationNeeded,6293,Variable
VisionSystemAssetType_Cables_Cable_Maintenance_FirmwareInfo,6294,Variable
VisionSystemAssetType_Cables_Cable_Maintenance_LastCalibration,6296,Variable
VisionSystemAssetType_Cables_Cable_Maintenance_MaintenanceRecord,6297,Variable
VisionSystemAssetType_Cables_Cable_Maintenance_NextCalibration,6299,Variable
VisionSystemAssetType_Cables_Cable_Maintenance_NextService,6300,Variable
VisionSystemAssetType_Cables_Cable_Maintenance_StartOfWarranty,6302,Variable
VisionSystemAssetType_AcquisitionBackgrounds_AcquisitionBackground_Identification_Manufacturer,6303,Variable
VisionSystemAssetType_AcquisitionBackgrounds_AcquisitionBackground_Identification_SerialNumber,6304,Variable
VisionSystemAssetType_AcquisitionBackgrounds_AcquisitionBackground_Health_RemainingLifeTime,6305,Variable
VisionSystemAssetType_AcquisitionBackgrounds_AcquisitionBackground_Health_State,6306,Variable
VisionSystemAssetType_AcquisitionBackgrounds_AcquisitionBackground_Health_State_StatesInfo,6307,Variable
VisionSystemAssetType_AcquisitionBackgrounds_AcquisitionBackground_Health_Temperature,6308,Variable
VisionSystemAssetType_AcquisitionBackgrounds_AcquisitionBackground_Health_Temperature_EngineeringUnits,6309,Variable
VisionSystemAssetType_AcquisitionBackgrounds_AcquisitionBackground_Maintenance_CalibrationNeeded,6310,Variable
VisionSystemAssetType_AcquisitionBackgrounds_AcquisitionBackground_Maintenance_FirmwareInfo,6311,Variable
VisionSystemAssetType_AcquisitionBackgrounds_AcquisitionBackground_Maintenance_LastCalibration,6313,Variable
VisionSystemAssetType_AcquisitionBackgrounds_AcquisitionBackground_Maintenance_MaintenanceRecord,6314,Variable
VisionSystemAssetType_AcquisitionBackgrounds_AcquisitionBackground_Maintenance_NextCalibration,6316,Variable
VisionSystemAssetType_AcquisitionBackgrounds_AcquisitionBackground_Maintenance_NextService,6317,Variable
VisionSystemAssetType_AcquisitionBackgrounds_AcquisitionBackground_Maintenance_StartOfWarranty,6319,Variable
VisionSystemAssetType_Health_RemainingLifeTime,6320,Variable
VisionSystemAssetType_CalibrationTargets_CalibrationTarget_Health_State,6321,Variable
VisionSystemAssetType_CalibrationTargets_CalibrationTarget_Health_State_StatesInfo,6322,Variable
VisionSystemAssetType_CalibrationTargets_CalibrationTarget_Health_Temperature,6323,Variable
VisionSystemAssetType_CalibrationTargets_CalibrationTarget_Health_Temperature_EngineeringUnits,6324,Variable
VisionSystemAssetType_CalibrationTargets_CalibrationTarget_Maintenance_CalibrationNeeded,6325,Variable
VisionSystemAssetType_CalibrationTargets_CalibrationTarget_Maintenance_FirmwareInfo,6326,Variable
VisionDisplayUnitType_Health_RemainingLifeTime,6327,Variable
VisionSystemAssetType_CalibrationTargets_CalibrationTarget_Maintenance_LastCalibration,6328,Variable
VisionSystemAssetType_CalibrationTargets_CalibrationTarget_Maintenance_MaintenanceRecord,6329,Variable
VisionFrameGrabberType_Health_RemainingLifeTime,6330,Variable
VisionSystemAssetType_CalibrationTargets_CalibrationTarget_Maintenance_NextCalibration,6331,Variable
VisionSystemAssetType_CalibrationTargets_CalibrationTarget_Maintenance_NextService,6332,Variable
VisionCableType_Health_RemainingLifeTime,6333,Variable
VisionSystemAssetType_CalibrationTargets_CalibrationTarget_Maintenance_StartOfWarranty,6334,Variable
VisionClimateControllerType_Health_RemainingLifeTime,6335,Variable
VisionClimateControllerType_Health_State,6336,Variable
VisionClimateControllerType_Health_State_StatesInfo,6337,Variable
VisionClimateControllerType_Health_Temperature,6338,Variable
VisionClimateControllerType_Health_Temperature_EngineeringUnits,6339,Variable
VisionClimateControllerType_Maintenance_CalibrationNeeded,6340,Variable
VisionClimateControllerType_Maintenance_FirmwareInfo,6341,Variable
VisionTriggerSensorType_Health_RemainingLifeTime,6342,Variable
VisionClimateControllerType_Maintenance_LastCalibration,6343,Variable
VisionClimateControllerType_Maintenance_MaintenanceRecord,6344,Variable
VisionWayEncoderType_Health_RemainingLifeTime,6345,Variable
VisionClimateControllerType_Maintenance_NextCalibration,6346,Variable
VisionClimateControllerType_Maintenance_NextService,6347,Variable
VisionHealthInfoType_RemainingLifeTime_LimitValue,6348,Variable
VisionClimateControllerType_Maintenance_StartOfWarranty,6349,Variable
VisionHealthInfoType_RemainingLifeTime_StartValue,6350,Variable
VisionSystemAssetType_ClimateControllers_ClimateController_Health_State,6351,Variable
VisionSystemAssetType_ClimateControllers_ClimateController_Health_State_StatesInfo,6352,Variable
VisionSystemAssetType_ClimateControllers_ClimateController_Health_Temperature,6353,Variable
VisionSystemAssetType_ClimateControllers_ClimateController_Health_Temperature_EngineeringUnits,6354,Variable
VisionSystemAssetType_ClimateControllers_ClimateController_Maintenance_CalibrationNeeded,6355,Variable
VisionSystemAssetType_ClimateControllers_ClimateController_Maintenance_FirmwareInfo,6356,Variable
VisionHealthInfoType_RemainingLifeTime_EngineeringUnits,6357,Variable
VisionSystemAssetType_ClimateControllers_ClimateController_Maintenance_LastCalibration,6358,Variable
VisionSystemAssetType_ClimateControllers_ClimateController_Maintenance_MaintenanceRecord,6359,Variable
IVisionInfoType_Health_RemainingLifeTime_EngineeringUnits,6360,Variable
VisionSystemAssetType_ClimateControllers_ClimateController_Maintenance_NextCalibration,6361,Variable
VisionSystemAssetType_ClimateControllers_ClimateController_Maintenance_NextService,6362,Variable
IVisionInfoType_Health_RemainingLifeTime_LimitValue,6363,Variable
VisionSystemAssetType_ClimateControllers_ClimateController_Maintenance_StartOfWarranty,6364,Variable
IVisionInfoType_Health_RemainingLifeTime_StartValue,6365,Variable
VisionSystemAssetType_ComputingDevices_ComputingDevice_Health_State,6366,Variable
VisionSystemAssetType_ComputingDevices_ComputingDevice_Health_State_StatesInfo,6367,Variable
VisionSystemAssetType_ComputingDevices_ComputingDevice_Health_Temperature,6368,Variable
VisionSystemAssetType_ComputingDevices_ComputingDevice_Health_Temperature_EngineeringUnits,6369,Variable
VisionSystemAssetType_ComputingDevices_ComputingDevice_Maintenance_CalibrationNeeded,6370,Variable
VisionSystemAssetType_ComputingDevices_ComputingDevice_Maintenance_FirmwareInfo,6371,Variable
VisionItemFolderType_VisionItem_Health_RemainingLifeTime_EngineeringUnits,6372,Variable
VisionSystemAssetType_ComputingDevices_ComputingDevice_Maintenance_LastCalibration,6373,Variable
VisionSystemAssetType_ComputingDevices_ComputingDevice_Maintenance_MaintenanceRecord,6374,Variable
VisionItemFolderType_VisionItem_Health_RemainingLifeTime_LimitValue,6375,Variable
VisionSystemAssetType_ComputingDevices_ComputingDevice_Maintenance_NextCalibration,6376,Variable
VisionSystemAssetType_ComputingDevices_ComputingDevice_Maintenance_NextService,6377,Variable
VisionItemFolderType_VisionItem_Health_RemainingLifeTime_StartValue,6378,Variable
VisionSystemAssetType_ComputingDevices_ComputingDevice_Maintenance_StartOfWarranty,6379,Variable
VisionSystemAssetType_Health_RemainingLifeTime_EngineeringUnits,6380,Variable
VisionSystemAssetType_DisplayUnits_DisplayUnit_Health_State,6381,Variable
VisionSystemAssetType_DisplayUnits_DisplayUnit_Health_State_StatesInfo,6382,Variable
VisionSystemAssetType_DisplayUnits_DisplayUnit_Health_Temperature,6383,Variable
VisionSystemAssetType_DisplayUnits_DisplayUnit_Health_Temperature_EngineeringUnits,6384,Variable
VisionSystemAssetType_DisplayUnits_DisplayUnit_Maintenance_CalibrationNeeded,6385,Variable
VisionSystemAssetType_DisplayUnits_DisplayUnit_Maintenance_FirmwareInfo,6386,Variable
VisionSystemAssetType_Health_RemainingLifeTime_LimitValue,6387,Variable
VisionSystemAssetType_DisplayUnits_DisplayUnit_Maintenance_LastCalibration,6388,Variable
VisionSystemAssetType_DisplayUnits_DisplayUnit_Maintenance_MaintenanceRecord,6389,Variable
VisionSystemAssetType_Health_RemainingLifeTime_StartValue,6390,Variable
VisionSystemAssetType_DisplayUnits_DisplayUnit_Maintenance_NextCalibration,6391,Variable
VisionSystemAssetType_DisplayUnits_DisplayUnit_Maintenance_NextService,6392,Variable
VisionSystemAssetType_Cables_Cable_Health_RemainingLifeTime_EngineeringUnits,6393,Variable
VisionSystemAssetType_DisplayUnits_DisplayUnit_Maintenance_StartOfWarranty,6394,Variable
VisionSystemAssetType_Cables_Cable_Health_RemainingLifeTime_LimitValue,6395,Variable
VisionSystemAssetType_Health_State,6396,Variable
VisionSystemAssetType_Health_State_StatesInfo,6397,Variable
VisionSystemAssetType_Health_Temperature,6398,Variable
VisionSystemAssetType_Health_Temperature_EngineeringUnits,6399,Variable
VisionSystemAssetType_Cables_Cable_Health_RemainingLifeTime_StartValue,6400,Variable
VisionSystemAssetType_FrameGrabbers_FrameGrabber_Health_State,6401,Variable
VisionSystemAssetType_FrameGrabbers_FrameGrabber_Health_State_StatesInfo,6402,Variable
VisionSystemAssetType_FrameGrabbers_FrameGrabber_Health_Temperature,6403,Variable
VisionSystemAssetType_FrameGrabbers_FrameGrabber_Health_Temperature_EngineeringUnits,6404,Variable
VisionSystemAssetType_FrameGrabbers_FrameGrabber_Maintenance_CalibrationNeeded,6405,Variable
VisionSystemAssetType_FrameGrabbers_FrameGrabber_Maintenance_FirmwareInfo,6406,Variable
VisionDisplayUnitType_Health_RemainingLifeTime_EngineeringUnits,6407,Variable
VisionSystemAssetType_FrameGrabbers_FrameGrabber_Maintenance_LastCalibration,6408,Variable
VisionSystemAssetType_FrameGrabbers_FrameGrabber_Maintenance_MaintenanceRecord,6409,Variable
VisionDisplayUnitType_Health_RemainingLifeTime_LimitValue,6410,Variable
VisionSystemAssetType_FrameGrabbers_FrameGrabber_Maintenance_NextCalibration,6411,Variable
VisionSystemAssetType_FrameGrabbers_FrameGrabber_Maintenance_NextService,6412,Variable
VisionDisplayUnitType_Health_RemainingLifeTime_StartValue,6413,Variable
VisionSystemAssetType_FrameGrabbers_FrameGrabber_Maintenance_StartOfWarranty,6414,Variable
VisionFrameGrabberType_Health_RemainingLifeTime_EngineeringUnits,6415,Variable
VisionSystemAssetType_Housings_Housing_Health_State,6416,Variable
VisionSystemAssetType_Housings_Housing_Health_State_StatesInfo,6417,Variable
VisionSystemAssetType_Housings_Housing_Health_Temperature,6418,Variable
VisionSystemAssetType_Housings_Housing_Health_Temperature_EngineeringUnits,6419,Variable
VisionSystemAssetType_Housings_Housing_Maintenance_CalibrationNeeded,6420,Variable
VisionSystemAssetType_Housings_Housing_Maintenance_FirmwareInfo,6421,Variable
VisionFrameGrabberType_Health_RemainingLifeTime_LimitValue,6422,Variable
VisionSystemAssetType_Housings_Housing_Maintenance_LastCalibration,6423,Variable
VisionSystemAssetType_Housings_Housing_Maintenance_MaintenanceRecord,6424,Variable
VisionFrameGrabberType_Health_RemainingLifeTime_StartValue,6425,Variable
VisionSystemAssetType_Housings_Housing_Maintenance_NextCalibration,6426,Variable
VisionSystemAssetType_Housings_Housing_Maintenance_NextService,6427,Variable
VisionAcquisitionBackgroundType_Health_RemainingLifeTime_EngineeringUnits,6428,Variable
VisionSystemAssetType_Housings_Housing_Maintenance_StartOfWarranty,6429,Variable
VisionAcquisitionBackgroundType_Health_RemainingLifeTime_LimitValue,6430,Variable
VisionSystemAssetType_ImageSensors_ImageSensor_Health_State,6431,Variable
VisionSystemAssetType_ImageSensors_ImageSensor_Health_State_StatesInfo,6432,Variable
VisionSystemAssetType_ImageSensors_ImageSensor_Health_Temperature,6433,Variable
VisionSystemAssetType_ImageSensors_ImageSensor_Health_Temperature_EngineeringUnits,6434,Variable
VisionSystemAssetType_ImageSensors_ImageSensor_Maintenance_CalibrationNeeded,6435,Variable
VisionSystemAssetType_ImageSensors_ImageSensor_Maintenance_FirmwareInfo,6436,Variable
VisionAcquisitionBackgroundType_Health_RemainingLifeTime_StartValue,6437,Variable
VisionSystemAssetType_ImageSensors_ImageSensor_Maintenance_LastCalibration,6438,Variable
VisionSystemAssetType_ImageSensors_ImageSensor_Maintenance_MaintenanceRecord,6439,Variable
VisionCableType_Health_RemainingLifeTime_EngineeringUnits,6440,Variable
VisionSystemAssetType_ImageSensors_ImageSensor_Maintenance_NextCalibration,6441,Variable
VisionSystemAssetType_ImageSensors_ImageSensor_Maintenance_NextService,6442,Variable
VisionCableType_Health_RemainingLifeTime_LimitValue,6443,Variable
VisionSystemAssetType_ImageSensors_ImageSensor_Maintenance_StartOfWarranty,6444,Variable
VisionCableType_Health_RemainingLifeTime_StartValue,6445,Variable
VisionSystemAssetType_Lamps_Lamp_Health_State,6446,Variable
VisionSystemAssetType_Lamps_Lamp_Health_State_StatesInfo,6447,Variable
VisionSystemAssetType_Lamps_Lamp_Health_Temperature,6448,Variable
VisionSystemAssetType_Lamps_Lamp_Health_Temperature_EngineeringUnits,6449,Variable
VisionSystemAssetType_Lamps_Lamp_Maintenance_CalibrationNeeded,6450,Variable
VisionSystemAssetType_Lamps_Lamp_Maintenance_FirmwareInfo,6451,Variable
VisionClimateControllerType_Health_RemainingLifeTime_EngineeringUnits,6452,Variable
VisionSystemAssetType_Lamps_Lamp_Maintenance_LastCalibration,6453,Variable
VisionSystemAssetType_Lamps_Lamp_Maintenance_MaintenanceRecord,6454,Variable
VisionClimateControllerType_Health_RemainingLifeTime_LimitValue,6455,Variable
VisionSystemAssetType_Lamps_Lamp_Maintenance_NextCalibration,6456,Variable
VisionSystemAssetType_Lamps_Lamp_Maintenance_NextService,6457,Variable
VisionClimateControllerType_Health_RemainingLifeTime_StartValue,6458,Variable
VisionSystemAssetType_Lamps_Lamp_Maintenance_StartOfWarranty,6459,Variable
VisionTriggerSensorType_Health_RemainingLifeTime_EngineeringUnits,6460,Variable
VisionSystemAssetType_LensControllers_LensController_Health_State,6461,Variable
VisionSystemAssetType_LensControllers_LensController_Health_State_StatesInfo,6462,Variable
VisionSystemAssetType_LensControllers_LensController_Health_Temperature,6463,Variable
VisionSystemAssetType_LensControllers_LensController_Health_Temperature_EngineeringUnits,6464,Variable
VisionSystemAssetType_LensControllers_LensController_Maintenance_CalibrationNeeded,6465,Variable
VisionSystemAssetType_LensControllers_LensController_Maintenance_FirmwareInfo,6466,Variable
VisionTriggerSensorType_Health_RemainingLifeTime_LimitValue,6467,Variable
VisionSystemAssetType_LensControllers_LensController_Maintenance_LastCalibration,6468,Variable
VisionSystemAssetType_LensControllers_LensController_Maintenance_MaintenanceRecord,6469,Variable
VisionTriggerSensorType_Health_RemainingLifeTime_StartValue,6470,Variable
VisionSystemAssetType_LensControllers_LensController_Maintenance_NextCalibration,6471,Variable
VisionSystemAssetType_LensControllers_LensController_Maintenance_NextService,6472,Variable
VisionWayEncoderType_Health_RemainingLifeTime_EngineeringUnits,6473,Variable
VisionSystemAssetType_LensControllers_LensController_Maintenance_StartOfWarranty,6474,Variable
VisionWayEncoderType_Health_RemainingLifeTime_LimitValue,6475,Variable
VisionSystemAssetType_Lenses_Lens_Health_State,6476,Variable
VisionSystemAssetType_Lenses_Lens_Health_State_StatesInfo,6477,Variable
VisionSystemAssetType_Lenses_Lens_Health_Temperature,6478,Variable
VisionSystemAssetType_Lenses_Lens_Health_Temperature_EngineeringUnits,6479,Variable
VisionSystemAssetType_Lenses_Lens_Maintenance_CalibrationNeeded,6480,Variable
VisionSystemAssetType_Lenses_Lens_Maintenance_FirmwareInfo,6481,Variable
VisionWayEncoderType_Health_RemainingLifeTime_StartValue,6482,Variable
VisionSystemAssetType_Lenses_Lens_Maintenance_LastCalibration,6483,Variable
VisionSystemAssetType_Lenses_Lens_Maintenance_MaintenanceRecord,6484,Variable
VisionSystemAssetType_AcquisitionBackgrounds_AcquisitionBackground_Health_RemainingLifeTime_EngineeringUnits,6485,Variable
VisionSystemAssetType_Lenses_Lens_Maintenance_NextCalibration,6486,Variable
VisionSystemAssetType_Lenses_Lens_Maintenance_NextService,6487,Variable
VisionSystemAssetType_AcquisitionBackgrounds_AcquisitionBackground_Health_RemainingLifeTime_LimitValue,6488,Variable
VisionSystemAssetType_Lenses_Lens_Maintenance_StartOfWarranty,6489,Variable
VisionSystemAssetType_AcquisitionBackgrounds_AcquisitionBackground_Health_RemainingLifeTime_StartValue,6490,Variable
VisionSystemAssetType_Licenses_License_Health_State,6491,Variable
VisionSystemAssetType_Licenses_License_Health_State_StatesInfo,6492,Variable
VisionSystemAssetType_Licenses_License_Health_Temperature,6493,Variable
VisionSystemAssetType_Licenses_License_Health_Temperature_EngineeringUnits,6494,Variable
VisionSystemAssetType_Licenses_License_Maintenance_CalibrationNeeded,6495,Variable
VisionSystemAssetType_Licenses_License_Maintenance_FirmwareInfo,6496,Variable
VisionHealthInfoType_DeviceHealth,6497,Variable
VisionSystemAssetType_Licenses_License_Maintenance_LastCalibration,6498,Variable
VisionSystemAssetType_Licenses_License_Maintenance_MaintenanceRecord,6499,Variable
IVisionInfoType_Health_DeviceHealth,6500,Variable
VisionSystemAssetType_Licenses_License_Maintenance_NextCalibration,6501,Variable
VisionSystemAssetType_Licenses_License_Maintenance_NextService,6502,Variable
IVisionInfoType_Maintenance_FirmwareInfo,6503,Variable
VisionSystemAssetType_Licenses_License_Maintenance_StartOfWarranty,6504,Variable
IVisionInfoType_Maintenance_LastService,6505,Variable
VisionSystemAssetType_LightingControllers_LightingController_Health_State,6506,Variable
VisionSystemAssetType_LightingControllers_LightingController_Health_State_StatesInfo,6507,Variable
VisionSystemAssetType_LightingControllers_LightingController_Health_Temperature,6508,Variable
VisionSystemAssetType_LightingControllers_LightingController_Health_Temperature_EngineeringUnits,6509,Variable
VisionSystemAssetType_LightingControllers_LightingController_Maintenance_CalibrationNeeded,6510,Variable
VisionSystemAssetType_LightingControllers_LightingController_Maintenance_FirmwareInfo,6511,Variable
VisionItemFolderType_VisionItem_Health_DeviceHealth,6512,Variable
VisionSystemAssetType_LightingControllers_LightingController_Maintenance_LastCalibration,6513,Variable
VisionSystemAssetType_LightingControllers_LightingController_Maintenance_MaintenanceRecord,6514,Variable
VisionItemFolderType_VisionItem_Maintenance_LastService,6515,Variable
VisionSystemAssetType_LightingControllers_LightingController_Maintenance_NextCalibration,6516,Variable
VisionSystemAssetType_LightingControllers_LightingController_Maintenance_NextService,6517,Variable
VisionSystemAssetType_AcquisitionBackgrounds_AcquisitionBackground_Health_DeviceHealth,6518,Variable
VisionSystemAssetType_LightingControllers_LightingController_Maintenance_StartOfWarranty,6519,Variable
VisionSystemAssetType_Maintenance_CalibrationNeeded,6520,Variable
VisionSystemAssetType_Maintenance_FirmwareInfo,6521,Variable
VisionSystemAssetType_ClimateControllers_ClimateController_Maintenance_LastService,6522,Variable
VisionSystemAssetType_Maintenance_LastCalibration,6523,Variable
VisionSystemAssetType_Maintenance_MaintenanceRecord,6524,Variable
VisionSystemAssetType_Maintenance_NextCalibration,6526,Variable
VisionSystemAssetType_Maintenance_NextService,6527,Variable
VisionSystemAssetType_Maintenance_StartOfWarranty,6529,Variable
VisionSystemAssetType_ComputingDevices_ComputingDevice_Health_DeviceHealth,6530,Variable
VisionSystemAssetType_MotionDevices_MotionDevice_Health_State,6531,Variable
VisionSystemAssetType_MotionDevices_MotionDevice_Health_State_StatesInfo,6532,Variable
VisionSystemAssetType_MotionDevices_MotionDevice_Health_Temperature,6533,Variable
VisionSystemAssetType_MotionDevices_MotionDevice_Health_Temperature_EngineeringUnits,6534,Variable
VisionSystemAssetType_MotionDevices_MotionDevice_Maintenance_CalibrationNeeded,6535,Variable
VisionSystemAssetType_MotionDevices_MotionDevice_Maintenance_FirmwareInfo,6536,Variable
VisionSystemAssetType_ComputingDevices_ComputingDevice_Health_RemainingLifeTime,6537,Variable
VisionSystemAssetType_MotionDevices_MotionDevice_Maintenance_LastCalibration,6538,Variable
VisionSystemAssetType_MotionDevices_MotionDevice_Maintenance_MaintenanceRecord,6539,Variable
VisionSystemAssetType_ComputingDevices_ComputingDevice_Health_RemainingLifeTime_EngineeringUnits,6540,Variable
VisionSystemAssetType_MotionDevices_MotionDevice_Maintenance_NextCalibration,6541,Variable
VisionSystemAssetType_MotionDevices_MotionDevice_Maintenance_NextService,6542,Variable
VisionSystemAssetType_ComputingDevices_ComputingDevice_Health_RemainingLifeTime_LimitValue,6543,Variable
VisionSystemAssetType_MotionDevices_MotionDevice_Maintenance_StartOfWarranty,6544,Variable
VisionSystemAssetType_ComputingDevices_ComputingDevice_Health_RemainingLifeTime_StartValue,6545,Variable
VisionSystemAssetType_NetworkDevices_NetworkDevice_Health_State,6546,Variable
VisionSystemAssetType_NetworkDevices_NetworkDevice_Health_State_StatesInfo,6547,Variable
VisionSystemAssetType_NetworkDevices_NetworkDevice_Health_Temperature,6548,Variable
VisionSystemAssetType_NetworkDevices_NetworkDevice_Health_Temperature_EngineeringUnits,6549,Variable
VisionSystemAssetType_NetworkDevices_NetworkDevice_Maintenance_CalibrationNeeded,6550,Variable
VisionSystemAssetType_NetworkDevices_NetworkDevice_Maintenance_FirmwareInfo,6551,Variable
VisionSystemAssetType_ComputingDevices_ComputingDevice_Maintenance_LastService,6552,Variable
VisionSystemAssetType_NetworkDevices_NetworkDevice_Maintenance_LastCalibration,6553,Variable
VisionSystemAssetType_NetworkDevices_NetworkDevice_Maintenance_MaintenanceRecord,6554,Variable
VisionSystemAssetType_NetworkDevices_NetworkDevice_Maintenance_NextCalibration,6556,Variable
VisionSystemAssetType_NetworkDevices_NetworkDevice_Maintenance_NextService,6557,Variable
VisionSystemAssetType_NetworkDevices_NetworkDevice_Maintenance_StartOfWarranty,6559,Variable
VisionSystemAssetType_DisplayUnits_DisplayUnit_Health_DeviceHealth,6560,Variable
VisionSystemAssetType_OpticalFilters_OpticalFilter_Health_State,6561,Variable
VisionSystemAssetType_OpticalFilters_OpticalFilter_Health_State_StatesInfo,6562,Variable
VisionSystemAssetType_OpticalFilters_OpticalFilter_Health_Temperature,6563,Variable
VisionSystemAssetType_OpticalFilters_OpticalFilter_Health_Temperature_EngineeringUnits,6564,Variable
VisionSystemAssetType_OpticalFilters_OpticalFilter_Maintenance_CalibrationNeeded,6565,Variable
VisionSystemAssetType_OpticalFilters_OpticalFilter_Maintenance_FirmwareInfo,6566,Variable
VisionSystemAssetType_DisplayUnits_DisplayUnit_Health_RemainingLifeTime,6567,Variable
VisionSystemAssetType_OpticalFilters_OpticalFilter_Maintenance_LastCalibration,6568,Variable
VisionSystemAssetType_OpticalFilters_OpticalFilter_Maintenance_MaintenanceRecord,6569,Variable
VisionSystemAssetType_DisplayUnits_DisplayUnit_Health_RemainingLifeTime_EngineeringUnits,6570,Variable
VisionSystemAssetType_OpticalFilters_OpticalFilter_Maintenance_NextCalibration,6571,Variable
VisionSystemAssetType_OpticalFilters_OpticalFilter_Maintenance_NextService,6572,Variable
VisionSystemAssetType_AcquisitionBackgrounds_AcquisitionBackground_Maintenance_LastService,6573,Variable
VisionSystemAssetType_OpticalFilters_OpticalFilter_Maintenance_StartOfWarranty,6574,Variable
VisionSystemAssetType_Cables_Cable_Health_DeviceHealth,6575,Variable
VisionSystemAssetType_OtherOpticalEquipments_OtherOpticalEquipment_Health_State,6576,Variable
VisionSystemAssetType_OtherOpticalEquipments_OtherOpticalEquipment_Health_State_StatesInfo,6577,Variable
VisionSystemAssetType_OtherOpticalEquipments_OtherOpticalEquipment_Health_Temperature,6578,Variable
VisionSystemAssetType_OtherOpticalEquipments_OtherOpticalEquipment_Health_Temperature_EngineeringUnits,6579,Variable
VisionSystemAssetType_OtherOpticalEquipments_OtherOpticalEquipment_Maintenance_CalibrationNeeded,6580,Variable
VisionSystemAssetType_OtherOpticalEquipments_OtherOpticalEquipment_Maintenance_FirmwareInfo,6581,Variable
VisionSystemAssetType_DisplayUnits_DisplayUnit_Health_RemainingLifeTime_LimitValue,6582,Variable
VisionSystemAssetType_OtherOpticalEquipments_OtherOpticalEquipment_Maintenance_LastCalibration,6583,Variable
VisionSystemAssetType_OtherOpticalEquipments_OtherOpticalEquipment_Maintenance_MaintenanceRecord,6584,Variable
VisionSystemAssetType_DisplayUnits_DisplayUnit_Health_RemainingLifeTime_StartValue,6585,Variable
VisionSystemAssetType_OtherOpticalEquipments_OtherOpticalEquipment_Maintenance_NextCalibration,6586,Variable
VisionSystemAssetType_OtherOpticalEquipments_OtherOpticalEquipment_Maintenance_NextService,6587,Variable
VisionSystemAssetType_DisplayUnits_DisplayUnit_Maintenance_LastService,6588,Variable
VisionSystemAssetType_OtherOpticalEquipments_OtherOpticalEquipment_Maintenance_StartOfWarranty,6589,Variable
VisionSystemAssetType_PatternGenerators_PatternGenerator_Health_State,6591,Variable
VisionSystemAssetType_PatternGenerators_PatternGenerator_Health_State_StatesInfo,6592,Variable
VisionSystemAssetType_PatternGenerators_PatternGenerator_Health_Temperature,6593,Variable
VisionSystemAssetType_PatternGenerators_PatternGenerator_Health_Temperature_EngineeringUnits,6594,Variable
VisionSystemAssetType_PatternGenerators_PatternGenerator_Maintenance_CalibrationNeeded,6595,Variable
VisionSystemAssetType_PatternGenerators_PatternGenerator_Maintenance_FirmwareInfo,6596,Variable
VisionSystemAssetType_PatternGenerators_PatternGenerator_Maintenance_LastCalibration,6598,Variable
VisionSystemAssetType_PatternGenerators_PatternGenerator_Maintenance_MaintenanceRecord,6599,Variable
VisionSystemAssetType_FrameGrabbers_FrameGrabber_Health_DeviceHealth,6600,Variable
VisionSystemAssetType_PatternGenerators_PatternGenerator_Maintenance_NextCalibration,6601,Variable
VisionSystemAssetType_PatternGenerators_PatternGenerator_Maintenance_NextService,6602,Variable
VisionSystemAssetType_FrameGrabbers_FrameGrabber_Health_RemainingLifeTime,6603,Variable
VisionSystemAssetType_PatternGenerators_PatternGenerator_Maintenance_StartOfWarranty,6604,Variable
VisionSystemAssetType_FrameGrabbers_FrameGrabber_Health_RemainingLifeTime_EngineeringUnits,6605,Variable
VisionSystemAssetType_PhysicalInterfaces_PhysicalInterface_Health_State,6606,Variable
VisionSystemAssetType_PhysicalInterfaces_PhysicalInterface_Health_State_StatesInfo,6607,Variable
VisionSystemAssetType_PhysicalInterfaces_PhysicalInterface_Health_Temperature,6608,Variable
VisionSystemAssetType_PhysicalInterfaces_PhysicalInterface_Health_Temperature_EngineeringUnits,6609,Variable
VisionSystemAssetType_PhysicalInterfaces_PhysicalInterface_Maintenance_CalibrationNeeded,6610,Variable
VisionSystemAssetType_PhysicalInterfaces_PhysicalInterface_Maintenance_FirmwareInfo,6611,Variable
VisionSystemAssetType_FrameGrabbers_FrameGrabber_Health_RemainingLifeTime_LimitValue,6612,Variable
VisionSystemAssetType_PhysicalInterfaces_PhysicalInterface_Maintenance_LastCalibration,6613,Variable
VisionSystemAssetType_PhysicalInterfaces_PhysicalInterface_Maintenance_MaintenanceRecord,6614,Variable
VisionSystemAssetType_FrameGrabbers_FrameGrabber_Health_RemainingLifeTime_StartValue,6615,Variable
VisionSystemAssetType_PhysicalInterfaces_PhysicalInterface_Maintenance_NextCalibration,6616,Variable
VisionSystemAssetType_PhysicalInterfaces_PhysicalInterface_Maintenance_NextService,6617,Variable
VisionSystemAssetType_FrameGrabbers_FrameGrabber_Maintenance_LastService,6618,Variable
VisionSystemAssetType_PhysicalInterfaces_PhysicalInterface_Maintenance_StartOfWarranty,6619,Variable
VisionSystemAssetType_PowerSupplies_PowerSupply_Health_State,6621,Variable
VisionSystemAssetType_PowerSupplies_PowerSupply_Health_State_StatesInfo,6622,Variable
VisionSystemAssetType_PowerSupplies_PowerSupply_Health_Temperature,6623,Variable
VisionSystemAssetType_PowerSupplies_PowerSupply_Health_Temperature_EngineeringUnits,6624,Variable
VisionSystemAssetType_PowerSupplies_PowerSupply_Maintenance_CalibrationNeeded,6625,Variable
VisionSystemAssetType_PowerSupplies_PowerSupply_Maintenance_FirmwareInfo,6626,Variable
VisionSystemAssetType_PowerSupplies_PowerSupply_Maintenance_LastCalibration,6628,Variable
VisionSystemAssetType_PowerSupplies_PowerSupply_Maintenance_MaintenanceRecord,6629,Variable
VisionSystemAssetType_Health_DeviceHealth,6630,Variable
VisionSystemAssetType_PowerSupplies_PowerSupply_Maintenance_NextCalibration,6631,Variable
VisionSystemAssetType_PowerSupplies_PowerSupply_Maintenance_NextService,6632,Variable
VisionSystemAssetType_CalibrationTargets_CalibrationTarget_Health_DeviceHealth,6633,Variable
VisionSystemAssetType_PowerSupplies_PowerSupply_Maintenance_StartOfWarranty,6634,Variable
VisionSystemAssetType_CalibrationTargets_CalibrationTarget_Health_RemainingLifeTime,6635,Variable
VisionSystemAssetType_SoftwareComponents_Software_Health_State,6636,Variable
VisionSystemAssetType_SoftwareComponents_Software_Health_State_StatesInfo,6637,Variable
VisionSystemAssetType_SoftwareComponents_Software_Health_Temperature,6638,Variable
VisionSystemAssetType_SoftwareComponents_Software_Health_Temperature_EngineeringUnits,6639,Variable
VisionSystemAssetType_SoftwareComponents_Software_Maintenance_CalibrationNeeded,6640,Variable
VisionSystemAssetType_SoftwareComponents_Software_Maintenance_FirmwareInfo,6641,Variable
VisionSystemAssetType_CalibrationTargets_CalibrationTarget_Health_RemainingLifeTime_EngineeringUnits,6642,Variable
VisionSystemAssetType_SoftwareComponents_Software_Maintenance_LastCalibration,6643,Variable
VisionSystemAssetType_SoftwareComponents_Software_Maintenance_MaintenanceRecord,6644,Variable
VisionSystemAssetType_CalibrationTargets_CalibrationTarget_Health_RemainingLifeTime_LimitValue,6645,Variable
VisionSystemAssetType_SoftwareComponents_Software_Maintenance_NextCalibration,6646,Variable
VisionSystemAssetType_SoftwareComponents_Software_Maintenance_NextService,6647,Variable
VisionSystemAssetType_CalibrationTargets_CalibrationTarget_Health_RemainingLifeTime_StartValue,6648,Variable
VisionSystemAssetType_SoftwareComponents_Software_Maintenance_StartOfWarranty,6649,Variable
VisionSystemAssetType_Housings_Housing_Health_DeviceHealth,6650,Variable
VisionSystemAssetType_SurroundingEnvironment_SurroundingEnvironment_Health_State,6651,Variable
VisionSystemAssetType_SurroundingEnvironment_SurroundingEnvironment_Health_State_StatesInfo,6652,Variable
VisionSystemAssetType_SurroundingEnvironment_SurroundingEnvironment_Health_Temperature,6653,Variable
VisionSystemAssetType_SurroundingEnvironment_SurroundingEnvironment_Health_Temperature_EngineeringUnits,6654,Variable
VisionSystemAssetType_SurroundingEnvironment_SurroundingEnvironment_Maintenance_CalibrationNeeded,6655,Variable
VisionSystemAssetType_SurroundingEnvironment_SurroundingEnvironment_Maintenance_FirmwareInfo,6656,Variable
VisionSystemAssetType_Housings_Housing_Health_RemainingLifeTime,6657,Variable
VisionSystemAssetType_SurroundingEnvironment_SurroundingEnvironment_Maintenance_LastCalibration,6658,Variable
VisionSystemAssetType_SurroundingEnvironment_SurroundingEnvironment_Maintenance_MaintenanceRecord,6659,Variable
VisionSystemAssetType_Housings_Housing_Health_RemainingLifeTime_EngineeringUnits,6660,Variable
VisionSystemAssetType_SurroundingEnvironment_SurroundingEnvironment_Maintenance_NextCalibration,6661,Variable
VisionSystemAssetType_SurroundingEnvironment_SurroundingEnvironment_Maintenance_NextService,6662,Variable
VisionSystemAssetType_Housings_Housing_Health_RemainingLifeTime_LimitValue,6663,Variable
VisionSystemAssetType_SurroundingEnvironment_SurroundingEnvironment_Maintenance_StartOfWarranty,6664,Variable
VisionSystemAssetType_Housings_Housing_Health_RemainingLifeTime_StartValue,6665,Variable
VisionSystemAssetType_TriggerSensors_TriggerSensor_Health_State,6666,Variable
VisionSystemAssetType_TriggerSensors_TriggerSensor_Health_State_StatesInfo,6667,Variable
VisionSystemAssetType_TriggerSensors_TriggerSensor_Health_Temperature,6668,Variable
VisionSystemAssetType_TriggerSensors_TriggerSensor_Health_Temperature_EngineeringUnits,6669,Variable
VisionSystemAssetType_TriggerSensors_TriggerSensor_Maintenance_CalibrationNeeded,6670,Variable
VisionSystemAssetType_TriggerSensors_TriggerSensor_Maintenance_FirmwareInfo,6671,Variable
VisionSystemAssetType_Housings_Housing_Maintenance_LastService,6672,Variable
VisionSystemAssetType_TriggerSensors_TriggerSensor_Maintenance_LastCalibration,6673,Variable
VisionSystemAssetType_TriggerSensors_TriggerSensor_Maintenance_MaintenanceRecord,6674,Variable
VisionSystemAssetType_TriggerSensors_TriggerSensor_Maintenance_NextCalibration,6676,Variable
VisionSystemAssetType_TriggerSensors_TriggerSensor_Maintenance_NextService,6677,Variable
VisionSystemAssetType_TriggerSensors_TriggerSensor_Maintenance_StartOfWarranty,6679,Variable
VisionSystemAssetType_Identification_AssetId,6680,Variable
VisionSystemAssetType_WayEncoders_WayEncoder_Health_State,6681,Variable
VisionSystemAssetType_WayEncoders_WayEncoder_Health_State_StatesInfo,6682,Variable
VisionSystemAssetType_WayEncoders_WayEncoder_Health_Temperature,6683,Variable
VisionSystemAssetType_WayEncoders_WayEncoder_Health_Temperature_EngineeringUnits,6684,Variable
VisionSystemAssetType_WayEncoders_WayEncoder_Maintenance_CalibrationNeeded,6685,Variable
VisionSystemAssetType_WayEncoders_WayEncoder_Maintenance_FirmwareInfo,6686,Variable
VisionSystemAssetType_Identification_ComponentName,6687,Variable
VisionSystemAssetType_WayEncoders_WayEncoder_Maintenance_LastCalibration,6688,Variable
VisionSystemAssetType_WayEncoders_WayEncoder_Maintenance_MaintenanceRecord,6689,Variable
VisionSystemAssetType_Identification_DeviceClass,6690,Variable
VisionSystemAssetType_WayEncoders_WayEncoder_Maintenance_NextCalibration,6691,Variable
VisionSystemAssetType_WayEncoders_WayEncoder_Maintenance_NextService,6692,Variable
VisionSystemAssetType_Identification_HardwareRevision,6693,Variable
VisionSystemAssetType_WayEncoders_WayEncoder_Maintenance_StartOfWarranty,6694,Variable
VisionSystemAssetType_Identification_InitialOperationDate,6695,Variable
VisionTriggerSensorType_Health_State,6696,Variable
VisionTriggerSensorType_Health_State_StatesInfo,6697,Variable
VisionTriggerSensorType_Health_Temperature,6698,Variable
VisionTriggerSensorType_Health_Temperature_EngineeringUnits,6699,Variable
VisionTriggerSensorType_Maintenance_CalibrationNeeded,6700,Variable
VisionTriggerSensorType_Maintenance_FirmwareInfo,6701,Variable
VisionSystemAssetType_Identification_Location,6702,Variable
VisionTriggerSensorType_Maintenance_LastCalibration,6703,Variable
VisionTriggerSensorType_Maintenance_MaintenanceRecord,6704,Variable
VisionSystemAssetType_CalibrationTargets_CalibrationTarget_Maintenance_LastService,6705,Variable
VisionTriggerSensorType_Maintenance_NextCalibration,6706,Variable
VisionTriggerSensorType_Maintenance_NextService,6707,Variable
VisionTriggerSensorType_Maintenance_StartOfWarranty,6709,Variable
VisionWayEncoderType_Health_State,6711,Variable
VisionWayEncoderType_Health_State_StatesInfo,6712,Variable
VisionWayEncoderType_Health_Temperature,6713,Variable
VisionWayEncoderType_Health_Temperature_EngineeringUnits,6714,Variable
VisionWayEncoderType_Maintenance_CalibrationNeeded,6715,Variable
VisionWayEncoderType_Maintenance_FirmwareInfo,6716,Variable
VisionSystemAssetType_ClimateControllers_ClimateController_Health_DeviceHealth,6717,Variable
VisionWayEncoderType_Maintenance_LastCalibration,6718,Variable
VisionWayEncoderType_Maintenance_MaintenanceRecord,6719,Variable
VisionSystemAssetType_ClimateControllers_ClimateController_Health_RemainingLifeTime,6720,Variable
VisionWayEncoderType_Maintenance_NextCalibration,6721,Variable
VisionWayEncoderType_Maintenance_NextService,6722,Variable
VisionSystemAssetType_ClimateControllers_ClimateController_Health_RemainingLifeTime_EngineeringUnits,6723,Variable
VisionWayEncoderType_Maintenance_StartOfWarranty,6724,Variable
VisionSystemAssetType_ClimateControllers_ClimateController_Health_RemainingLifeTime_LimitValue,6725,Variable
VisionCableType_Health_State,6726,Variable
VisionCableType_Health_State_StatesInfo,6727,Variable
VisionCableType_Health_Temperature,6728,Variable
VisionCableType_Health_Temperature_EngineeringUnits,6729,Variable
VisionCableType_Maintenance_NextCalibration,6730,Variable
VisionCableType_Maintenance_NextService,6731,Variable
VisionSystemAssetType_ClimateControllers_ClimateController_Health_RemainingLifeTime_StartValue,6732,Variable
VisionCableType_Maintenance_StartOfWarranty,6733,Variable
VisionCableType_Maintenance_Connectors,6734,Variable
VisionCableType_Maintenance_Diameter,6735,Variable
VisionCableType_Maintenance_Diameter_EngineeringUnits,6736,Variable
VisionCableType_Maintenance_Length,6737,Variable
VisionCableType_Maintenance_Length_EngineeringUnits,6738,Variable
VisionCableType_Maintenance_Shielding,6739,Variable
VisionSystemAssetType_Identification_ManufacturerUri,6740,Variable
VisionSystemAssetType_Identification_Model,6741,Variable
VisionSystemAssetType_Identification_ConfigurationCode,6742,Variable
VisionSystemAssetType_Identification_MonthOfConstruction,6743,Variable
VisionSystemAssetType_Identification_ProductCode,6744,Variable
VisionSystemAssetType_Identification_SoftwareRevision,6745,Variable
VisionSystemAssetType_Identification_YearOfConstruction,6746,Variable
VisionSystemAssetType_ImageSensors_ImageSensor_Health_DeviceHealth,6747,Variable
VisionSystemAssetType_ImageSensors_ImageSensor_Health_RemainingLifeTime,6748,Variable
VisionSystemAssetType_ImageSensors_ImageSensor_Health_RemainingLifeTime_EngineeringUnits,6749,Variable
VisionSystemAssetType_ImageSensors_ImageSensor_Health_RemainingLifeTime_LimitValue,6750,Variable
VisionSystemAssetType_ImageSensors_ImageSensor_Health_RemainingLifeTime_StartValue,6751,Variable
VisionSystemAssetType_ImageSensors_ImageSensor_Maintenance_LastService,6752,Variable
VisionSystemAssetType_Lamps_Lamp_Health_DeviceHealth,6755,Variable
VisionSystemAssetType_Lamps_Lamp_Health_RemainingLifeTime,6756,Variable
VisionDisplayUnitType_Health_State,6757,Variable
VisionDisplayUnitType_Health_State_StatesInfo,6758,Variable
VisionDisplayUnitType_Health_Temperature,6759,Variable
VisionDisplayUnitType_Health_Temperature_EngineeringUnits,6760,Variable
VisionSystemAssetType_Lamps_Lamp_Health_RemainingLifeTime_EngineeringUnits,6761,Variable
VisionFrameGrabberType_Health_State,6762,Variable
VisionFrameGrabberType_Health_State_StatesInfo,6763,Variable
VisionFrameGrabberType_Health_Temperature,6764,Variable
VisionFrameGrabberType_Health_Temperature_EngineeringUnits,6765,Variable
VisionSystemAssetType_Lamps_Lamp_Health_RemainingLifeTime_LimitValue,6766,Variable
VisionComponentIdentificationType_DeviceRevision,6767,Variable
VisionComponentIdentificationType_AssetId,6768,Variable
VisionComponentIdentificationType_ComponentName,6769,Variable
VisionComponentIdentificationType_DeviceClass,6770,Variable
VisionComponentIdentificationType_HardwareRevision,6771,Variable
VisionComponentIdentificationType_InitialOperationDate,6772,Variable
VisionComponentIdentificationType_Manufacturer,6773,Variable
VisionComponentIdentificationType_ManufacturerUri,6774,Variable
VisionComponentIdentificationType_Model,6775,Variable
VisionComponentIdentificationType_MonthOfConstruction,6776,Variable
VisionComponentIdentificationType_ProductCode,6777,Variable
VisionComponentIdentificationType_ProductInstanceUri,6778,Variable
VisionComponentIdentificationType_SerialNumber,6779,Variable
VisionComponentIdentificationType_SoftwareRevision,6780,Variable
VisionComponentIdentificationType_YearOfConstruction,6781,Variable
VisionSystemAssetType_Lamps_Lamp_Health_RemainingLifeTime_StartValue,6782,Variable
VisionMachineIdentificationType_Location,6783,Variable
VisionMachineIdentificationType_ProductInstanceUri,6784,Variable
VisionMachineIdentificationType_AssetId,6785,Variable
VisionMachineIdentificationType_ComponentName,6786,Variable
VisionMachineIdentificationType_DeviceClass,6787,Variable
VisionMachineIdentificationType_HardwareRevision,6788,Variable
VisionMachineIdentificationType_InitialOperationDate,6789,Variable
VisionMachineIdentificationType_Manufacturer,6790,Variable
VisionMachineIdentificationType_ManufacturerUri,6791,Variable
VisionMachineIdentificationType_Model,6792,Variable
VisionMachineIdentificationType_MonthOfConstruction,6793,Variable
VisionMachineIdentificationType_ProductCode,6794,Variable
VisionMachineIdentificationType_SerialNumber,6795,Variable
VisionMachineIdentificationType_SoftwareRevision,6796,Variable
VisionMachineIdentificationType_YearOfConstruction,6797,Variable
VisionSystemAssetType_Lamps_Lamp_Maintenance_LastService,6798,Variable
VisionSystemAssetType_LensControllers_LensController_Health_DeviceHealth,6801,Variable
VisionSystemAssetType_LensControllers_LensController_Health_RemainingLifeTime,6802,Variable
VisionSystemAssetType_LensControllers_LensController_Health_RemainingLifeTime_EngineeringUnits,6803,Variable
VisionSystemAssetType_LensControllers_LensController_Health_RemainingLifeTime_LimitValue,6804,Variable
VisionSystemAssetType_LensControllers_LensController_Health_RemainingLifeTime_StartValue,6805,Variable
VisionSystemAssetType_LensControllers_LensController_Maintenance_LastService,6806,Variable
VisionSystemAssetType_Lenses_Lens_Health_DeviceHealth,6809,Variable
VisionSystemAssetType_Lenses_Lens_Health_RemainingLifeTime,6810,Variable
VisionSystemAssetType_Lenses_Lens_Health_RemainingLifeTime_EngineeringUnits,6811,Variable
VisionSystemAssetType_Lenses_Lens_Health_RemainingLifeTime_LimitValue,6812,Variable
VisionSystemAssetType_Lenses_Lens_Health_RemainingLifeTime_StartValue,6813,Variable
VisionSystemAssetType_Lenses_Lens_Maintenance_LastService,6814,Variable
VisionSystemAssetType_Licenses_License_Health_DeviceHealth,6817,Variable
VisionSystemAssetType_Licenses_License_Health_RemainingLifeTime,6818,Variable
VisionSystemAssetType_Licenses_License_Health_RemainingLifeTime_EngineeringUnits,6819,Variable
VisionSystemAssetType_Licenses_License_Health_RemainingLifeTime_LimitValue,6820,Variable
VisionSystemAssetType_Licenses_License_Health_RemainingLifeTime_StartValue,6821,Variable
VisionSystemAssetType_Licenses_License_Maintenance_LastService,6822,Variable
VisionSystemAssetType_LightingControllers_LightingController_Health_DeviceHealth,6825,Variable
VisionSystemAssetType_LightingControllers_LightingController_Health_RemainingLifeTime,6826,Variable
VisionSystemAssetType_LightingControllers_LightingController_Health_RemainingLifeTime_EngineeringUnits,6827,Variable
VisionSystemAssetType_LightingControllers_LightingController_Health_RemainingLifeTime_LimitValue,6828,Variable
VisionSystemAssetType_LightingControllers_LightingController_Health_RemainingLifeTime_StartValue,6829,Variable
VisionSystemAssetType_LightingControllers_LightingController_Maintenance_LastService,6830,Variable
VisionSystemAssetType_Maintenance_LastService,6833,Variable
VisionSystemAssetType_MotionDevices_MotionDevice_Health_DeviceHealth,6834,Variable
VisionSystemAssetType_MotionDevices_MotionDevice_Health_RemainingLifeTime,6835,Variable
VisionSystemAssetType_MotionDevices_MotionDevice_Health_RemainingLifeTime_EngineeringUnits,6836,Variable
VisionSystemAssetType_MotionDevices_MotionDevice_Health_RemainingLifeTime_LimitValue,6837,Variable
VisionSystemAssetType_MotionDevices_MotionDevice_Health_RemainingLifeTime_StartValue,6838,Variable
VisionSystemAssetType_MotionDevices_MotionDevice_Maintenance_LastService,6839,Variable
VisionSystemAssetType_NetworkDevices_NetworkDevice_Health_DeviceHealth,6842,Variable
VisionSystemAssetType_NetworkDevices_NetworkDevice_Health_RemainingLifeTime,6843,Variable
VisionSystemAssetType_NetworkDevices_NetworkDevice_Health_RemainingLifeTime_EngineeringUnits,6844,Variable
VisionSystemAssetType_NetworkDevices_NetworkDevice_Health_RemainingLifeTime_LimitValue,6845,Variable
VisionSystemAssetType_NetworkDevices_NetworkDevice_Health_RemainingLifeTime_StartValue,6846,Variable
VisionSystemAssetType_NetworkDevices_NetworkDevice_Maintenance_LastService,6847,Variable
VisionSystemAssetType_OpticalFilters_OpticalFilter_Health_DeviceHealth,6850,Variable
VisionSystemAssetType_OpticalFilters_OpticalFilter_Health_RemainingLifeTime,6851,Variable
VisionSystemAssetType_OpticalFilters_OpticalFilter_Health_RemainingLifeTime_EngineeringUnits,6852,Variable
VisionSystemAssetType_OpticalFilters_OpticalFilter_Health_RemainingLifeTime_LimitValue,6853,Variable
VisionSystemAssetType_OpticalFilters_OpticalFilter_Health_RemainingLifeTime_StartValue,6854,Variable
VisionSystemAssetType_OpticalFilters_OpticalFilter_Maintenance_LastService,6855,Variable
VisionSystemAssetType_OtherOpticalEquipments_OtherOpticalEquipment_Health_DeviceHealth,6858,Variable
VisionSystemAssetType_OtherOpticalEquipments_OtherOpticalEquipment_Health_RemainingLifeTime,6859,Variable
VisionSystemAssetType_OtherOpticalEquipments_OtherOpticalEquipment_Health_RemainingLifeTime_EngineeringUnits,6860,Variable
VisionSystemAssetType_OtherOpticalEquipments_OtherOpticalEquipment_Health_RemainingLifeTime_LimitValue,6861,Variable
VisionSystemAssetType_OtherOpticalEquipments_OtherOpticalEquipment_Health_RemainingLifeTime_StartValue,6862,Variable
VisionSystemAssetType_OtherOpticalEquipments_OtherOpticalEquipment_Maintenance_LastService,6863,Variable
VisionSystemAssetType_PatternGenerators_PatternGenerator_Health_DeviceHealth,6866,Variable
VisionSystemAssetType_PatternGenerators_PatternGenerator_Health_RemainingLifeTime,6867,Variable
VisionSystemAssetType_PatternGenerators_PatternGenerator_Health_RemainingLifeTime_EngineeringUnits,6868,Variable
VisionSystemAssetType_PatternGenerators_PatternGenerator_Health_RemainingLifeTime_LimitValue,6869,Variable
VisionSystemAssetType_PatternGenerators_PatternGenerator_Health_RemainingLifeTime_StartValue,6870,Variable
VisionSystemAssetType_PatternGenerators_PatternGenerator_Maintenance_LastService,6871,Variable
VisionSystemAssetType_PhysicalInterfaces_PhysicalInterface_Health_DeviceHealth,6874,Variable
VisionSystemAssetType_PhysicalInterfaces_PhysicalInterface_Health_RemainingLifeTime,6875,Variable
VisionSystemAssetType_PhysicalInterfaces_PhysicalInterface_Health_RemainingLifeTime_EngineeringUnits,6876,Variable
VisionSystemAssetType_PhysicalInterfaces_PhysicalInterface_Health_RemainingLifeTime_LimitValue,6877,Variable
VisionSystemAssetType_PhysicalInterfaces_PhysicalInterface_Health_RemainingLifeTime_StartValue,6878,Variable
VisionSystemAssetType_PhysicalInterfaces_PhysicalInterface_Maintenance_LastService,6879,Variable
VisionSystemAssetType_PowerSupplies_PowerSupply_Health_DeviceHealth,6882,Variable
VisionSystemAssetType_PowerSupplies_PowerSupply_Health_RemainingLifeTime,6883,Variable
VisionSystemAssetType_PowerSupplies_PowerSupply_Health_RemainingLifeTime_EngineeringUnits,6884,Variable
VisionSystemAssetType_PowerSupplies_PowerSupply_Health_RemainingLifeTime_LimitValue,6885,Variable
VisionSystemAssetType_PowerSupplies_PowerSupply_Health_RemainingLifeTime_StartValue,6886,Variable
VisionSystemAssetType_PowerSupplies_PowerSupply_Maintenance_LastService,6887,Variable
VisionSystemAssetType_SoftwareComponents_Software_Health_DeviceHealth,6890,Variable
VisionSystemAssetType_SoftwareComponents_Software_Health_RemainingLifeTime,6891,Variable
VisionSystemAssetType_SoftwareComponents_Software_Health_RemainingLifeTime_EngineeringUnits,6892,Variable
VisionSystemAssetType_SoftwareComponents_Software_Health_RemainingLifeTime_LimitValue,6893,Variable
VisionSystemAssetType_SoftwareComponents_Software_Health_RemainingLifeTime_StartValue,6894,Variable
VisionSystemAssetType_SoftwareComponents_Software_Maintenance_LastService,6895,Variable
VisionSystemAssetType_SurroundingEnvironment_SurroundingEnvironment_Health_DeviceHealth,6898,Variable
VisionSystemAssetType_SurroundingEnvironment_SurroundingEnvironment_Health_RemainingLifeTime,6899,Variable
VisionSystemAssetType_SurroundingEnvironment_SurroundingEnvironment_Health_RemainingLifeTime_EngineeringUnits,6900,Variable
VisionSystemAssetType_SurroundingEnvironment_SurroundingEnvironment_Health_RemainingLifeTime_LimitValue,6901,Variable
VisionSystemAssetType_SurroundingEnvironment_SurroundingEnvironment_Health_RemainingLifeTime_StartValue,6902,Variable
VisionSystemAssetType_SurroundingEnvironment_SurroundingEnvironment_Maintenance_LastService,6903,Variable
VisionSystemAssetType_TriggerSensors_TriggerSensor_Health_DeviceHealth,6906,Variable
VisionSystemAssetType_TriggerSensors_TriggerSensor_Health_RemainingLifeTime,6907,Variable
VisionSystemAssetType_TriggerSensors_TriggerSensor_Health_RemainingLifeTime_EngineeringUnits,6908,Variable
VisionSystemAssetType_TriggerSensors_TriggerSensor_Health_RemainingLifeTime_LimitValue,6909,Variable
VisionSystemAssetType_TriggerSensors_TriggerSensor_Health_RemainingLifeTime_StartValue,6910,Variable
VisionSystemAssetType_TriggerSensors_TriggerSensor_Maintenance_LastService,6911,Variable
VisionSystemAssetType_WayEncoders_WayEncoder_Health_DeviceHealth,6914,Variable
VisionSystemAssetType_WayEncoders_WayEncoder_Health_RemainingLifeTime,6915,Variable
VisionSystemAssetType_WayEncoders_WayEncoder_Health_RemainingLifeTime_EngineeringUnits,6916,Variable
VisionSystemAssetType_WayEncoders_WayEncoder_Health_RemainingLifeTime_LimitValue,6917,Variable
VisionSystemAssetType_WayEncoders_WayEncoder_Health_RemainingLifeTime_StartValue,6918,Variable
VisionSystemAssetType_WayEncoders_WayEncoder_Maintenance_LastService,6919,Variable
VisionSystemAssetType_AcquisitionBackgrounds_AcquisitionBackground_Maintenance_OperationCounters_OperationCycleCounter,6922,Variable
VisionSystemAssetType_AcquisitionBackgrounds_AcquisitionBackground_Maintenance_OperationCounters_OperationDuration,6923,Variable
VisionSystemAssetType_AcquisitionBackgrounds_AcquisitionBackground_Maintenance_OperationCounters_PowerOnDuration,6924,Variable
VisionSystemAssetType_Cables_Cable_Maintenance_LastService,6925,Variable
IVisionInfoType_Maintenance_OperationCounters_OperationCycleCounter,6926,Variable
IVisionInfoType_Maintenance_OperationCounters_OperationDuration,6927,Variable
IVisionInfoType_Maintenance_OperationCounters_PowerOnDuration,6928,Variable
IComputingDeviceType_Health_DeviceHealth,6929,Variable
IComputingDeviceType_Health_RemainingLifeTime,6930,Variable
IComputingDeviceType_Health_RemainingLifeTime_EngineeringUnits,6931,Variable
IComputingDeviceType_Health_RemainingLifeTime_LimitValue,6932,Variable
IComputingDeviceType_Health_RemainingLifeTime_StartValue,6933,Variable
IComputingDeviceType_Health_State,6934,Variable
IComputingDeviceType_Health_State_StatesInfo,6935,Variable
IComputingDeviceType_Health_Temperature,6936,Variable
IComputingDeviceType_Health_Temperature_EngineeringUnits,6937,Variable
VisionDisplayUnitType_Health_DeviceHealth,6938,Variable
