BaseLifetimeIndicationType,473,ObjectType
BlockType,1003,ObjectType
CachedLoadingType,171,ObjectType
CheckFunctionAlarmType,15441,ObjectType
ComponentType,15063,ObjectType
ConfigurableObjectType,1004,ObjectType
ConfirmationStateMachineType,307,ObjectType
ConnectionPointType,6308,ObjectType
ConnectsTo,6030,ReferenceType
ConnectsToParent,6467,ReferenceType
DeviceFeatures,15034,Object
DeviceHealthDiagnosticAlarmType,15143,ObjectType
DeviceHealthEnumeration,6244,DataType
DeviceSet,5001,Object
DeviceTopology,6094,Object
DeviceType,1002,ObjectType
DiameterIndicationType,478,ObjectType
DirectLoadingType,153,ObjectType
FailureAlarmType,15292,ObjectType
FetchResultDataType,6522,DataType
FetchResultDataType_Encoding_DefaultBinary,6551,Object
FetchResultDataType_Encoding_DefaultJson,15909,Object
FetchResultDataType_Encoding_DefaultXml,6535,Object
FileSystemLoadingType,192,ObjectType
FunctionalGroupType,1005,ObjectType
IDeviceHealthType,15051,ObjectType
InstallationStateMachineType,249,ObjectType
IOperationCounterType,480,ObjectType
IsOnline,6031,ReferenceType
ISupportInfoType,15054,ObjectType
ITagNameplateType,15048,ObjectType
IVendorNameplateType,15035,ObjectType
LengthIndicationType,477,ObjectType
LifetimeVariableType,468,VariableType
LockingServicesType,6388,ObjectType
MaintenanceRequiredAlarmType,15739,ObjectType
MaxInactiveLockTime,6387,Variable
NetworkSet,6078,Object
NetworkType,6247,ObjectType
NumberOfPartsIndicationType,475,ObjectType
NumberOfUsagesIndicationType,476,ObjectType
OffSpecAlarmType,15590,ObjectType
OpcUaDi_BinarySchema,6435,Variable
OpcUaDi_XmlSchema,6423,Variable
OPCUADINamespaceMetadata,15001,Object
PackageLoadingType,137,ObjectType
ParameterResultDataType,6525,DataType
ParameterResultDataType_Encoding_DefaultBinary,6554,Object
ParameterResultDataType_Encoding_DefaultJson,15912,Object
ParameterResultDataType_Encoding_DefaultXml,6538,Object
PowerCycleStateMachineType,285,ObjectType
PrepareForUpdateStateMachineType,213,ObjectType
ProtocolType,1006,ObjectType
SoftwareLoadingType,135,ObjectType
SoftwareType,15106,ObjectType
SoftwareUpdateType,1,ObjectType
SoftwareVersionFileType,331,DataType
SoftwareVersionType,212,ObjectType
SubstanceVolumeIndicationType,479,ObjectType
TimeIndicationType,474,ObjectType
TopologyElementType,1001,ObjectType
TransferResultDataDataType,15889,DataType
TransferResultDataDataType_Encoding_DefaultBinary,15892,Object
TransferResultDataDataType_Encoding_DefaultJson,15911,Object
TransferResultDataDataType_Encoding_DefaultXml,15901,Object
TransferResultErrorDataType,15888,DataType
TransferResultErrorDataType_Encoding_DefaultBinary,15891,Object
TransferResultErrorDataType_Encoding_DefaultJson,15910,Object
TransferResultErrorDataType_Encoding_DefaultXml,15900,Object
TransferServicesType,6526,ObjectType
UIElementType,6246,VariableType
UpdateBehavior,333,DataType
