Server_Namespaces_http___opcfoundation_org_UA_PADIM_,1000,Object
Server_Namespaces_http___opcfoundation_org_UA_PADIM__IsNamespaceSubset,1001,Variable
Server_Namespaces_http___opcfoundation_org_UA_PADIM__NamespacePublicationDate,1002,Variable
Server_Namespaces_http___opcfoundation_org_UA_PADIM__NamespaceUri,1003,Variable
Server_Namespaces_http___opcfoundation_org_UA_PADIM__NamespaceVersion,1004,Variable
Server_Namespaces_http___opcfoundation_org_UA_PADIM__StaticNodeIdTypes,1005,Variable
Server_Namespaces_http___opcfoundation_org_UA_PADIM__StaticNumericNodeIdRange,1006,Variable
Server_Namespaces_http___opcfoundation_org_UA_PADIM__StaticStringNodeIdPattern,1007,Variable
SignalType,1008,ObjectType
PADIMType,1009,ObjectType
PADIMType_Manufacturer,1010,Variable
PADIMType_ManufacturerUri,1011,Variable
PADIMType_Model,1012,Variable
PADIMType_SerialNumber,1013,Variable
PADIMType_SoftwareRevision,1014,Variable
PADIMType_HardwareRevision,1015,Variable
PADIMType_ProductCode,1016,Variable
PADIMType_RevisionCounter,1017,Variable
PADIMType_DeviceHealthAlarms,1018,Object
PADIMType_AssetId,1019,Variable
PADIMType_ProductInstanceUri,1020,Variable
SignalSetType,1021,ObjectType
AnalogSignalType,1022,ObjectType
ControlSignalType,1023,ObjectType
SignalSetType_S_SignalIdentifier_,1024,Object
PADIMType_SubDevices,1025,Object
PADIMType_SubDevices_SupportedTypes,1026,Object
AnalogSignalType_AnalogSignal,1027,Variable
PADIMType_FactoryReset,1028,Method
PADIMType_DeviceHealth,1029,Variable
PADIMType_FactoryReset_InputArguments,1030,Variable
ControlSignalType_ControlSignal,1031,Variable
PADIMType_DateOfLastChange,1032,Variable
PADIMType_DisplayLanguage,1033,Variable
PADIMType_SignalSet_no_,1034,Object
SignalType_SignalTag,1035,Variable
DiscreteSignalType,1036,ObjectType
TwoStateDiscreteSignalType,1037,ObjectType
MultiStateDiscreteSignalType,1038,ObjectType
DiscreteSignalType_DiscreteSignal,1039,Variable
TwoStateDiscreteSignalType_TwoStateDiscreteSignal,1040,Variable
MultiStateDiscreteSignalType_MultiStateDiscreteSignal,1041,Variable
CalibrationPointType,1042,ObjectType
CalibrationPointSetType,1043,ObjectType
IGeneralDeviceConditionSetType,1044,ObjectType
ICalibrationType,1045,ObjectType
IPhCalibrationType,1046,ObjectType
IConductivityCalibrationType,1047,ObjectType
IAmperometricCalibrationType,1048,ObjectType
IOpticalFluorescenseQuenchingCalibrationType,1049,ObjectType
IAdministrationType,1050,ObjectType
GeneralDeviceConditionSetType,1051,ObjectType
ISignalSetType,1052,ObjectType
ITocDeviceConditionSetType,1053,ObjectType
IFlameIonisationDeviceConditionSetType,1054,ObjectType
INonDispersiveInfraredSignalConditionSetType,1055,ObjectType
ITocSignalConditionSetType,1056,ObjectType
IParamagneticSignalConditionSetType,1057,ObjectType
IThermalConductivitySignalConditionSetType,1058,ObjectType
ITunableDiodeLaserSignalConditionSetType,1059,ObjectType
IZirconiumDioxideSignalConditionSetType,1060,ObjectType
IPhSignalConditionSetType,1061,ObjectType
IConductivitySignalConditionSetType,1062,ObjectType
IOpticalFluorescenseQuenchingSignalConditionSetType,1063,ObjectType
IAmperometricSignalConditionSetType,1064,ObjectType
AnalyticalSignalType,1065,ObjectType
AmperometricSignalType,1066,ObjectType
ConductivitySignalType,1067,ObjectType
IAdministrationType_DisplayLanguage,1068,Variable
FlameIonisationSignalType,1069,ObjectType
IAdministrationType_DateOfLastChange,1070,Variable
NonDispersiveInfraredSignalType,1071,ObjectType
IAdministrationType_FactoryReset,1072,Method
OpticalFluorescenseQuenchingSignalType,1073,ObjectType
ISignalSetType_SignalSet,1074,Object
ParamagneticSignalType,1075,ObjectType
PhSignalType,1076,ObjectType
ThermalConductivitySignalType,1077,ObjectType
TocSignalType,1078,ObjectType
TunableDiodeLaserSignalType,1079,ObjectType
IAdministrationType_FactoryReset_InputArguments,1080,Variable
ZirconiumDioxideSignalType,1081,ObjectType
ProcessAnalyserType,1082,ObjectType
AmperometricAnalyserType,1083,ObjectType
ConductivityMeterType,1084,ObjectType
FlameIonisationDetectorType,1085,ObjectType
NonDispersiveInfraredGasAnalyserType,1086,ObjectType
OpticalFluorescenseQuenchingSensorType,1087,ObjectType
ParamagneticGasAnalyserType,1088,ObjectType
PhMeterType,1089,ObjectType
ThermalConductivityGasAnalyserType,1090,ObjectType
TocAnalyserType,1091,ObjectType
TunableDiodeLaserSpectrometerType,1092,ObjectType
ZirconiumDioxideAnalyserType,1093,ObjectType
AnalogSignalType_ZeroPointAdjustment,1109,Method
AnalogSignalVariableType,1111,VariableType
AnalogSignalVariableType_SimulationState,1113,Variable
AnalogSignalVariableType_ActualValue,1115,Variable
ControlSignalType_AutoAdjustPositioner,1116,Method
AnalogSignalVariableType_SimulationValue,1117,Variable
AnalogSignalVariableType_Damping,1118,Variable
ControlSignalType_AutoAdjustPositioner_InputArguments,1119,Variable
TemperatureMeasurementVariableType,1120,VariableType
PressureMeasurementVariableType,1121,VariableType
FlowMeasurementVariableType,1122,VariableType
LevelMeasurementVariableType,1123,VariableType
ActualDensityVariableType,1124,VariableType
ControlVariableType,1125,VariableType
TotalizerVariableType,1126,VariableType
AnalyticalMeasurementVariableType,1127,VariableType
TemperatureMeasurementVariableType_SensorType,1128,Variable
TemperatureMeasurementVariableType_SensorConnection,1129,Variable
TemperatureMeasurementVariableType_SensorReference,1130,Variable
FlowMeasurementVariableType_LowFlowCutOff,1131,Variable
FlowMeasurementVariableType_FlowDirection,1132,Variable
MassFlowRateVariableType,1133,VariableType
ActualVolumeFlowRateVariableType,1134,VariableType
NormalizedVolumeFlowRateVariableType,1135,VariableType
ControlVariableType_Setpoint,1136,Variable
ControlVariableType_OperatingDirection,1137,Variable
ControlVariableType_ActuatorType,1138,Variable
TotalizerVariableType_PulseValue,1139,Variable
TotalizerVariableType_PulseWidth,1140,Variable
TwoStateDiscreteSignalVariableType,1141,VariableType
MultiStateDiscreteSignalVariableType,1142,VariableType
DiscreteSignalVariableType,1143,VariableType
TwoStateDiscreteSignalVariableType_ActualValue,1144,Variable
TwoStateDiscreteSignalVariableType_SimulationValue,1145,Variable
TwoStateDiscreteSignalVariableType_SimulationState,1147,Variable
MultiStateDiscreteSignalVariableType_ActualValue,1148,Variable
MultiStateDiscreteSignalVariableType_SimulationValue,1149,Variable
MultiStateDiscreteSignalVariableType_SimulationState,1151,Variable
DiscreteSignalVariableType_ActualValue,1152,Variable
DiscreteSignalVariableType_SimulationValue,1153,Variable
DiscreteSignalVariableType_SimulationState,1155,Variable
ResetModeEnum,1156,DataType
ResetModeEnum_EnumValues,1157,Variable
ExecutionModeEnum,1158,DataType
ExecutionModeEnum_EnumValues,1159,Variable
SignalSetType_S_SignalIdentifier__SignalTag,1160,Variable
TemperatureMeasurementVariableType_SensorType_EnumDictionaryEntries,1161,Variable
TemperatureMeasurementVariableType_SensorType_EnumValues,1162,Variable
TemperatureMeasurementVariableType_SensorType_ValueAsDictionaryEntries,1163,Variable
TemperatureMeasurementVariableType_SensorType_ValueAsText,1164,Variable
TemperatureMeasurementVariableType_SensorConnection_EnumDictionaryEntries,1165,Variable
TemperatureMeasurementVariableType_SensorConnection_EnumValues,1166,Variable
TemperatureMeasurementVariableType_SensorConnection_ValueAsDictionaryEntries,1167,Variable
TemperatureMeasurementVariableType_SensorConnection_ValueAsText,1168,Variable
TemperatureMeasurementVariableType_SensorReference_EnumDictionaryEntries,1169,Variable
TemperatureMeasurementVariableType_SensorReference_EnumValues,1170,Variable
TemperatureMeasurementVariableType_SensorReference_ValueAsDictionaryEntries,1171,Variable
TemperatureMeasurementVariableType_SensorReference_ValueAsText,1172,Variable
FlowMeasurementVariableType_FlowDirection_EnumDictionaryEntries,1173,Variable
FlowMeasurementVariableType_FlowDirection_EnumValues,1174,Variable
FlowMeasurementVariableType_FlowDirection_ValueAsDictionaryEntries,1175,Variable
FlowMeasurementVariableType_FlowDirection_ValueAsText,1176,Variable
ControlVariableType_OperatingDirection_EnumDictionaryEntries,1177,Variable
ControlVariableType_OperatingDirection_EnumValues,1178,Variable
ControlVariableType_OperatingDirection_ValueAsDictionaryEntries,1179,Variable
ControlVariableType_OperatingDirection_ValueAsText,1180,Variable
ControlVariableType_ActuatorType_EnumDictionaryEntries,1181,Variable
ControlVariableType_ActuatorType_EnumValues,1182,Variable
ControlVariableType_ActuatorType_ValueAsDictionaryEntries,1183,Variable
ControlVariableType_ActuatorType_ValueAsText,1184,Variable
TwoStateDiscreteSignalType_TwoStateDiscreteSignal_FalseState,1185,Variable
TwoStateDiscreteSignalType_TwoStateDiscreteSignal_TrueState,1186,Variable
MultiStateDiscreteSignalType_MultiStateDiscreteSignal_EnumDictionaryEntries,1187,Variable
MultiStateDiscreteSignalType_MultiStateDiscreteSignal_EnumValues,1188,Variable
MultiStateDiscreteSignalType_MultiStateDiscreteSignal_ValueAsText,1189,Variable
AnalogSignalType_AnalogSignal_EngineeringUnits,1190,Variable
AnalogSignalType_AnalogSignal_EURange,1191,Variable
ControlSignalType_ControlSignal_ActuatorType,1192,Variable
ControlSignalType_ControlSignal_EngineeringUnits,1193,Variable
ControlSignalType_ControlSignal_EURange,1194,Variable
ControlSignalType_ControlSignal_OperatingDirection,1195,Variable
ControlSignalType_ControlSignal_Setpoint,1196,Variable
ControlSignalType_ControlSignal_ActuatorType_EnumDictionaryEntries,1197,Variable
ControlSignalType_ControlSignal_ActuatorType_EnumValues,1198,Variable
ControlSignalType_ControlSignal_ActuatorType_ValueAsDictionaryEntries,1199,Variable
ControlSignalType_ControlSignal_ActuatorType_ValueAsText,1200,Variable
ControlSignalType_ControlSignal_OperatingDirection_EnumDictionaryEntries,1201,Variable
ControlSignalType_ControlSignal_OperatingDirection_EnumValues,1202,Variable
ControlSignalType_ControlSignal_OperatingDirection_ValueAsDictionaryEntries,1203,Variable
ControlSignalType_ControlSignal_OperatingDirection_ValueAsText,1204,Variable
ControlVariableType_Setpoint_EngineeringUnits,1205,Variable
AnalogSignalVariableType_EngineeringUnits,1206,Variable
ControlSignalType_ControlSignal_Setpoint_EngineeringUnits,1207,Variable
PADIMType_DeviceRevision,1208,Variable
PADIMType_DefaultInstanceBrowseName,1209,Variable
TemperatureMeasurementVariableType_SensorClass,1210,Variable
TemperatureMeasurementVariableType_SensorClass_EnumDictionaryEntries,1211,Variable
TemperatureMeasurementVariableType_SensorClass_EnumValues,1212,Variable
TemperatureMeasurementVariableType_SensorClass_ValueAsDictionaryEntries,1213,Variable
TemperatureMeasurementVariableType_SensorClass_ValueAsText,1214,Variable
TwoStateDiscreteControlVariableType,1215,VariableType
TwoStateDiscreteControlVariableType_Setpoint,1216,Variable
TwoStateDiscreteControlVariableType_OperatingDirection,1217,Variable
TwoStateDiscreteControlVariableType_FaultState,1218,Variable
MultiStateDiscreteControlVariableType,1219,VariableType
MultiStateDiscreteControlVariableType_Setpoint,1220,Variable
MultiStateDiscreteControlVariableType_OperatingDirection,1221,Variable
MultiStateDiscreteControlVariableType_FaultState,1222,Variable
TwoStateDiscreteControlSignalType,1223,ObjectType
TwoStateDiscreteControlSignalType_ControlSignal,1224,Variable
TwoStateDiscreteControlSignalType_ControlSignal_OperatingDirection,1228,Variable
TwoStateDiscreteControlSignalType_ControlSignal_OperatingDirection_EnumDictionaryEntries,1234,Variable
TwoStateDiscreteControlSignalType_ControlSignal_OperatingDirection_EnumValues,1235,Variable
TwoStateDiscreteControlSignalType_ControlSignal_OperatingDirection_ValueAsDictionaryEntries,1236,Variable
TwoStateDiscreteControlSignalType_ControlSignal_OperatingDirection_ValueAsText,1237,Variable
MultiStateDiscreteControlSignalType,1239,ObjectType
MultiStateDiscreteControlSignalType_ControlSignal,1240,Variable
TwoStateDiscreteControlSignalType_ControlSignal_FalseState,1241,Variable
TwoStateDiscreteControlSignalType_ControlSignal_TrueState,1242,Variable
TwoStateDiscreteControlSignalType_ControlSignal_Setpoint,1243,Variable
TwoStateDiscreteControlSignalType_ControlSignal_Setpoint_FalseState,1244,Variable
TwoStateDiscreteControlSignalType_ControlSignal_Setpoint_TrueState,1245,Variable
MultiStateDiscreteControlSignalType_ControlSignal_Setpoint,1246,Variable
MultiStateDiscreteControlSignalType_ControlSignal_EnumDictionaryEntries,1247,Variable
MultiStateDiscreteControlSignalType_ControlSignal_EnumValues,1248,Variable
MultiStateDiscreteControlSignalType_ControlSignal_ValueAsText,1249,Variable
MultiStateDiscreteControlSignalType_ControlSignal_Setpoint_EnumDictionaryEntries,1250,Variable
MultiStateDiscreteControlSignalType_ControlSignal_Setpoint_EnumValues,1251,Variable
MultiStateDiscreteControlSignalType_ControlSignal_Setpoint_ValueAsDictionaryEntries,1252,Variable
MultiStateDiscreteControlSignalType_ControlSignal_Setpoint_ValueAsText,1253,Variable
TwoStateDiscreteControlVariableType_OperatingDirection_EnumDictionaryEntries,1254,Variable
TwoStateDiscreteControlVariableType_OperatingDirection_EnumValues,1255,Variable
TwoStateDiscreteControlVariableType_OperatingDirection_ValueAsDictionaryEntries,1256,Variable
TwoStateDiscreteControlVariableType_OperatingDirection_ValueAsText,1257,Variable
TwoStateDiscreteControlVariableType_FaultState_FalseState,1258,Variable
TwoStateDiscreteControlVariableType_FaultState_TrueState,1259,Variable
TwoStateDiscreteControlVariableType_Setpoint_FalseState,1260,Variable
TwoStateDiscreteControlVariableType_Setpoint_TrueState,1261,Variable
MultiStateDiscreteControlVariableType_FaultState_EnumDictionaryEntries,1262,Variable
MultiStateDiscreteControlVariableType_FaultState_EnumValues,1263,Variable
MultiStateDiscreteControlVariableType_FaultState_ValueAsDictionaryEntries,1264,Variable
MultiStateDiscreteControlVariableType_FaultState_ValueAsText,1265,Variable
MultiStateDiscreteControlVariableType_OperatingDirection_EnumDictionaryEntries,1266,Variable
MultiStateDiscreteControlVariableType_OperatingDirection_EnumValues,1267,Variable
MultiStateDiscreteControlVariableType_OperatingDirection_ValueAsDictionaryEntries,1268,Variable
MultiStateDiscreteControlVariableType_OperatingDirection_ValueAsText,1269,Variable
MultiStateDiscreteControlVariableType_Setpoint_EnumDictionaryEntries,1270,Variable
MultiStateDiscreteControlVariableType_Setpoint_EnumValues,1271,Variable
MultiStateDiscreteControlVariableType_Setpoint_ValueAsDictionaryEntries,1272,Variable
MultiStateDiscreteControlVariableType_Setpoint_ValueAsText,1273,Variable
PatMeasurementVariableType,1274,VariableType
ChemicalSubstance,1275,DataType
PatDictionaryEnum,1276,DataType
DefaultBinary,1277,Object
DefaultXML,1278,Object
IGeneralDeviceConditionSetType_GeneralDeviceConditions,1279,Object
IGeneralDeviceConditionSetType_DeviceComponentConditions,1280,Object
IGeneralDeviceConditionSetType_DeviceComponentConditions_S_DeviceComponentIdentifier_,1281,Object
CalibrationPointSetType_S_CalibrationPointIdentifier_,1282,Object
ICalibrationType_CalibrationPointSet,1283,Object
PADIMType_DeviceConditionSet,1284,Object
PADIMType_DeviceConditionSet_DeviceComponentConditions,1285,Object
PADIMType_DeviceConditionSet_GeneralDeviceConditions,1286,Object
PADIMType_DeviceConditionSet_DeviceComponentConditions_S_DeviceComponentIdentifier_,1287,Object
AnalogSignalType_S_SignalCalibrationIdentifier_,1288,Object
AnalogSignalType_S_SignalCalibrationIdentifier__CalibrationPointSet,1289,Object
AnalogSignalType_SignalConditionSet,1290,Object
AmperometricSignalType_S_SignalCalibrationIdentifier_,1291,Object
ConductivitySignalType_SignalConditionSet,1292,Object
NonDispersiveInfraredSignalType_SignalConditionSet,1293,Object
PhSignalType_S_SignalCalibrationIdentifier_,1294,Object
ConductivitySignalType_S_SignalCalibrationIdentifier_,1295,Object
AmperometricSignalType_SignalConditionSet,1296,Object
PhSignalType_SignalConditionSet,1297,Object
FlameIonisationDetectorType_DeviceConditionSet,1298,Object
TocAnalyserType_DeviceConditionSet,1299,Object
OpticalFluorescenseQuenchingSignalType_S_SignalCalibrationIdentifier_,1300,Object
OpticalFluorescenseQuenchingSignalType_SignalConditionSet,1301,Object
ThermalConductivitySignalType_SignalConditionSet,1302,Object
TocSignalType_SignalConditionSet,1303,Object
ParamagneticSignalType_SignalConditionSet,1304,Object
TunableDiodeLaserSignalType_SignalConditionSet,1305,Object
ZirconiumDioxideSignalType_SignalConditionSet,1306,Object
ICalibrationType_CalibrationTimestamp,1307,Variable
ICalibrationType_TypeOfCalibration,1308,Variable
AnalogSignalType_S_SignalCalibrationIdentifier__CalibrationTimestamp,1309,Variable
AnalogSignalType_S_SignalCalibrationIdentifier__TypeOfCalibration,1310,Variable
AnalogSignalType_S_SignalCalibrationIdentifier__TypeOfCalibration_EnumDictionaryEntries,1311,Variable
AnalogSignalType_S_SignalCalibrationIdentifier__TypeOfCalibration_EnumValues,1312,Variable
AnalogSignalType_S_SignalCalibrationIdentifier__TypeOfCalibration_ValueAsDictionaryEntries,1313,Variable
AnalogSignalType_S_SignalCalibrationIdentifier__TypeOfCalibration_ValueAsText,1314,Variable
NonDispersiveInfraredSignalType_SignalConditionSet_AbsoluteSampleGasPressure,1315,Variable
GeneralDeviceConditionSetType_OperationCycleCounter,1316,Variable
GeneralDeviceConditionSetType_OperationDuration,1317,Variable
GeneralDeviceConditionSetType_PowerOnDuration,1318,Variable
IAmperometricCalibrationType_AmperometricSensorSlope,1319,Variable
INonDispersiveInfraredSignalConditionSetType_AbsoluteSampleGasPressure,1320,Variable
INonDispersiveInfraredSignalConditionSetType_ChopperFrequencyDeviation,1321,Variable
INonDispersiveInfraredSignalConditionSetType_SampleCellTemperature,1322,Variable
INonDispersiveInfraredSignalConditionSetType_SourceResidualLife,1323,Variable
IParamagneticSignalConditionSetType_SampleTemperature,1324,Variable
NonDispersiveInfraredSignalType_SignalConditionSet_ChopperFrequencyDeviation,1325,Variable
NonDispersiveInfraredSignalType_SignalConditionSet_SampleCellTemperature,1326,Variable
IThermalConductivitySignalConditionSetType_SampleTemperature,1327,Variable
AnalyticalSignalType_AnalogSignal,1328,Variable
FlameIonisationDetectorType_DeviceConditionSet_BlockTemperature,1329,Variable
FlameIonisationDetectorType_DeviceConditionSet_CatalystTemperature,1330,Variable
FlameIonisationDetectorType_DeviceConditionSet_CombustionAirPressure,1331,Variable
FlameIonisationDetectorType_DeviceConditionSet_FuelGasPressure,1332,Variable
FlameIonisationDetectorType_DeviceConditionSet_BlockTemperature_EngineeringUnits,1333,Variable
FlameIonisationDetectorType_DeviceConditionSet_CatalystTemperature_EngineeringUnits,1334,Variable
IFlameIonisationDeviceConditionSetType_CatalystTemperature,1335,Variable
FlameIonisationDetectorType_DeviceConditionSet_CombustionAirPressure_EngineeringUnits,1336,Variable
FlameIonisationDetectorType_DeviceConditionSet_FuelGasPressure_EngineeringUnits,1337,Variable
IPhSignalConditionSetType_SensingElementTemperature,1338,Variable
IConductivitySignalConditionSetType_SensingElementTemperature,1339,Variable
TocAnalyserType_DeviceConditionSet_ActualInjectedVolume,1340,Variable
TocAnalyserType_DeviceConditionSet_CarrierGasGaugePressure,1341,Variable
TocAnalyserType_DeviceConditionSet_CarrierGasVolumeFlow,1342,Variable
IParamagneticSignalConditionSetType_SensingElementTemperature,1343,Variable
IFlameIonisationDeviceConditionSetType_FuelGasPressure,1344,Variable
IFlameIonisationDeviceConditionSetType_CombustionAirPressure,1345,Variable
IFlameIonisationDeviceConditionSetType_BlockTemperature,1346,Variable
ITunableDiodeLaserSignalConditionSetType_TransmissionRatio,1347,Variable
ITunableDiodeLaserSignalConditionSetType_SignalNoiseRatio,1348,Variable
ITunableDiodeLaserSignalConditionSetType_SignalFitQuality,1349,Variable
TocAnalyserType_DeviceConditionSet_CoolerTemperature,1350,Variable
ITunableDiodeLaserSignalConditionSetType_LaserTemperature,1351,Variable
ITunableDiodeLaserSignalConditionSetType_SampleTemperature,1352,Variable
ITunableDiodeLaserSignalConditionSetType_AbsoluteSampleGasPressure,1353,Variable
IZirconiumDioxideSignalConditionSetType_RelativeHeatOutput,1354,Variable
IZirconiumDioxideSignalConditionSetType_SensingElementTemperature,1355,Variable
IPhSignalConditionSetType_PhMeasuringMethod,1356,Variable
IPhSignalConditionSetType_SensorNextCalibration,1357,Variable
TocAnalyserType_DeviceConditionSet_ReactorTemperature,1358,Variable
TocAnalyserType_DeviceConditionSet_ReferenceInjectionVolume,1359,Variable
IPhSignalConditionSetType_SensorCleaningsCounter,1360,Variable
IPhSignalConditionSetType_SensorSterilisationsCounter,1361,Variable
TocAnalyserType_DeviceConditionSet_SampleWaterVolumeFlow,1362,Variable
TocAnalyserType_DeviceConditionSet_ActualInjectedVolume_EngineeringUnits,1363,Variable
IPhSignalConditionSetType_SensingElementImpedance,1364,Variable
IPhSignalConditionSetType_SensorReferenceImpedance,1365,Variable
IConductivitySignalConditionSetType_ConductivityMeasuringMethod,1366,Variable
TocAnalyserType_DeviceConditionSet_CarrierGasGaugePressure_EngineeringUnits,1367,Variable
IConductivitySignalConditionSetType_TemperatureCompensationStyle,1368,Variable
IConductivitySignalConditionSetType_SensorCleaningsCounter,1369,Variable
IConductivitySignalConditionSetType_SensorSterilisationsCounter,1370,Variable
TocAnalyserType_DeviceConditionSet_CarrierGasVolumeFlow_EngineeringUnits,1371,Variable
TocAnalyserType_DeviceConditionSet_CoolerTemperature_EngineeringUnits,1372,Variable
TocAnalyserType_DeviceConditionSet_ReactorTemperature_EngineeringUnits,1373,Variable
IAmperometricSignalConditionSetType_SensorNextCalibration,1374,Variable
TocAnalyserType_DeviceConditionSet_ReferenceInjectionVolume_EngineeringUnits,1375,Variable
IAmperometricSignalConditionSetType_SensorCleaningsCounter,1376,Variable
IAmperometricSignalConditionSetType_SensorSterilisationsCounter,1377,Variable
IAmperometricSignalConditionSetType_SensingElementTemperature,1378,Variable
TocAnalyserType_DeviceConditionSet_SampleWaterVolumeFlow_EngineeringUnits,1379,Variable
NonDispersiveInfraredSignalType_SignalConditionSet_SourceResidualLife,1380,Variable
NonDispersiveInfraredSignalType_SignalConditionSet_AbsoluteSampleGasPressure_EngineeringUnits,1381,Variable
NonDispersiveInfraredSignalType_SignalConditionSet_ChopperFrequencyDeviation_EngineeringUnits,1382,Variable
NonDispersiveInfraredSignalType_SignalConditionSet_SampleCellTemperature_EngineeringUnits,1383,Variable
ITocSignalConditionSetType_SourceResidualLife,1384,Variable
ITocDeviceConditionSetType_CarrierGasGaugePressure,1385,Variable
IZirconiumDioxideSignalConditionSetType_SampleGasVolumeFlow,1386,Variable
ITocSignalConditionSetType_RelativeReagentLevel,1387,Variable
TocSignalType_SignalConditionSet_AbsoluteSampleGasPressure,1388,Variable
ITocDeviceConditionSetType_CarrierGasVolumeFlow,1389,Variable
TocSignalType_SignalConditionSet_ChopperFrequencyDeviation,1390,Variable
ITocDeviceConditionSetType_ReactorTemperature,1391,Variable
ITocSignalConditionSetType_SampleCellTemperature,1392,Variable
TocSignalType_SignalConditionSet_DetectorZeroSignal,1393,Variable
ITocDeviceConditionSetType_SampleWaterVolumeFlow,1394,Variable
ITocDeviceConditionSetType_ReferenceInjectionVolume,1395,Variable
ITocDeviceConditionSetType_ActualInjectedVolume,1396,Variable
IPhSignalConditionSetType_PhMeasuringMethod_EnumDictionaryEntries,1397,Variable
ITocDeviceConditionSetType_CoolerTemperature,1398,Variable
TocSignalType_SignalConditionSet_RelativeReagentLevel,1399,Variable
ITocSignalConditionSetType_AbsoluteSampleGasPressure,1400,Variable
ITocSignalConditionSetType_SampleGasVolumeFlow,1401,Variable
ITocSignalConditionSetType_DetectorZeroSignal,1402,Variable
ITocSignalConditionSetType_ChopperFrequencyDeviation,1403,Variable
IPhSignalConditionSetType_PhMeasuringMethod_EnumValues,1404,Variable
TocSignalType_SignalConditionSet_SampleCellTemperature,1405,Variable
TocSignalType_SignalConditionSet_SampleGasVolumeFlow,1406,Variable
TocSignalType_SignalConditionSet_SourceResidualLife,1407,Variable
TocSignalType_SignalConditionSet_AbsoluteSampleGasPressure_EngineeringUnits,1408,Variable
TocSignalType_SignalConditionSet_ChopperFrequencyDeviation_EngineeringUnits,1409,Variable
TocSignalType_SignalConditionSet_DetectorZeroSignal_EngineeringUnits,1410,Variable
TocSignalType_SignalConditionSet_RelativeReagentLevel_EngineeringUnits,1411,Variable
TocSignalType_SignalConditionSet_SampleCellTemperature_EngineeringUnits,1412,Variable
TocSignalType_SignalConditionSet_SampleGasVolumeFlow_EngineeringUnits,1413,Variable
ParamagneticSignalType_SignalConditionSet_SampleTemperature,1414,Variable
ParamagneticSignalType_SignalConditionSet_SensingElementTemperature,1415,Variable
ParamagneticSignalType_SignalConditionSet_SampleTemperature_EngineeringUnits,1416,Variable
ParamagneticSignalType_SignalConditionSet_SensingElementTemperature_EngineeringUnits,1417,Variable
ThermalConductivitySignalType_SignalConditionSet_SampleTemperature,1418,Variable
ThermalConductivitySignalType_SignalConditionSet_SampleTemperature_EngineeringUnits,1419,Variable
TunableDiodeLaserSignalType_SignalConditionSet_AbsoluteSampleGasPressure,1420,Variable
IPhSignalConditionSetType_PhMeasuringMethod_ValueAsDictionaryEntries,1421,Variable
TunableDiodeLaserSignalType_SignalConditionSet_LaserTemperature,1422,Variable
TunableDiodeLaserSignalType_SignalConditionSet_SampleTemperature,1423,Variable
IPhCalibrationType_SensorSlope,1424,Variable
IPhCalibrationType_SensorT90,1425,Variable
TunableDiodeLaserSignalType_SignalConditionSet_SignalFitQuality,1426,Variable
IPhCalibrationType_SensorAsymmetryPotential,1427,Variable
TunableDiodeLaserSignalType_SignalConditionSet_SignalNoiseRatio,1428,Variable
IPhSignalConditionSetType_PhMeasuringMethod_ValueAsText,1429,Variable
TunableDiodeLaserSignalType_SignalConditionSet_TransmissionRatio,1430,Variable
TunableDiodeLaserSignalType_SignalConditionSet_AbsoluteSampleGasPressure_EngineeringUnits,1431,Variable
TunableDiodeLaserSignalType_SignalConditionSet_LaserTemperature_EngineeringUnits,1432,Variable
TunableDiodeLaserSignalType_SignalConditionSet_SampleTemperature_EngineeringUnits,1433,Variable
ZirconiumDioxideSignalType_SignalConditionSet_RelativeHeatOutput,1434,Variable
ZirconiumDioxideSignalType_SignalConditionSet_SampleGasVolumeFlow,1435,Variable
ZirconiumDioxideSignalType_SignalConditionSet_SensingElementTemperature,1436,Variable
ZirconiumDioxideSignalType_SignalConditionSet_SampleGasVolumeFlow_EngineeringUnits,1437,Variable
ZirconiumDioxideSignalType_SignalConditionSet_SensingElementTemperature_EngineeringUnits,1438,Variable
AmperometricSignalType_S_SignalCalibrationIdentifier__AbsoluteAirPressure,1439,Variable
AmperometricSignalType_S_SignalCalibrationIdentifier__AmperometricSensorSlope,1440,Variable
AmperometricSignalType_S_SignalCalibrationIdentifier__AmperometricSensorZeroPoint,1441,Variable
AmperometricSignalType_S_SignalCalibrationIdentifier__SensorT90,1442,Variable
AmperometricSignalType_S_SignalCalibrationIdentifier__AbsoluteAirPressure_EngineeringUnits,1443,Variable
AmperometricSignalType_S_SignalCalibrationIdentifier__AmperometricSensorSlope_EngineeringUnits,1444,Variable
AmperometricSignalType_S_SignalCalibrationIdentifier__AmperometricSensorZeroPoint_EngineeringUnits,1445,Variable
AmperometricSignalType_SignalConditionSet_SensorCleaningsCounter,1446,Variable
AmperometricSignalType_SignalConditionSet_SensorNextCalibration,1447,Variable
AmperometricSignalType_SignalConditionSet_SensorSterilisationsCounter,1448,Variable
AmperometricSignalType_SignalConditionSet_SensingElementTemperature,1449,Variable
AmperometricSignalType_SignalConditionSet_SensorNextCalibration_EngineeringUnits,1450,Variable
AmperometricSignalType_SignalConditionSet_SensingElementTemperature_EngineeringUnits,1451,Variable
OpticalFluorescenseQuenchingSignalType_S_SignalCalibrationIdentifier__AbsoluteAirPressure,1452,Variable
OpticalFluorescenseQuenchingSignalType_S_SignalCalibrationIdentifier__OpticalFluorescenseQuenchingSensorSlope,1453,Variable
OpticalFluorescenseQuenchingSignalType_S_SignalCalibrationIdentifier__OpticalFluorescenseQuenchingSensorZeroPoint,1454,Variable
OpticalFluorescenseQuenchingSignalType_S_SignalCalibrationIdentifier__SensorT90,1455,Variable
OpticalFluorescenseQuenchingSignalType_S_SignalCalibrationIdentifier__AbsoluteAirPressure_EngineeringUnits,1456,Variable
OpticalFluorescenseQuenchingSignalType_S_SignalCalibrationIdentifier__OpticalFluorescenseQuenchingSensorSlope_EngineeringUnits,1457,Variable
OpticalFluorescenseQuenchingSignalType_S_SignalCalibrationIdentifier__OpticalFluorescenseQuenchingSensorZeroPoint_EngineeringUnits,1458,Variable
OpticalFluorescenseQuenchingSignalType_SignalConditionSet_SensorCleaningsCounter,1459,Variable
OpticalFluorescenseQuenchingSignalType_SignalConditionSet_SensorNextCalibration,1460,Variable
OpticalFluorescenseQuenchingSignalType_SignalConditionSet_SensorSterilisationsCounter,1461,Variable
OpticalFluorescenseQuenchingSignalType_SignalConditionSet_SensingElementTemperature,1462,Variable
OpticalFluorescenseQuenchingSignalType_SignalConditionSet_SensorNextCalibration_EngineeringUnits,1463,Variable
OpticalFluorescenseQuenchingSignalType_SignalConditionSet_SensingElementTemperature_EngineeringUnits,1464,Variable
PhSignalType_S_SignalCalibrationIdentifier__SensorAsymmetryPotential,1465,Variable
PhSignalType_S_SignalCalibrationIdentifier__SensorSlope,1466,Variable
IConductivitySignalConditionSetType_ConductivityMeasuringMethod_EnumDictionaryEntries,1467,Variable
PhSignalType_S_SignalCalibrationIdentifier__SensorT90,1468,Variable
PhSignalType_S_SignalCalibrationIdentifier__SensorAsymmetryPotential_EngineeringUnits,1469,Variable
PhSignalType_S_SignalCalibrationIdentifier__SensorSlope_EngineeringUnits,1470,Variable
PhSignalType_SignalConditionSet_PhMeasuringMethod,1471,Variable
PhSignalType_SignalConditionSet_SensingElementImpedance,1472,Variable
PhSignalType_SignalConditionSet_SensorCleaningsCounter,1473,Variable
PhSignalType_SignalConditionSet_SensorNextCalibration,1474,Variable
PhSignalType_SignalConditionSet_SensorReferenceImpedance,1475,Variable
IConductivitySignalConditionSetType_ConductivityMeasuringMethod_EnumValues,1476,Variable
IConductivitySignalConditionSetType_ConductivityMeasuringMethod_ValueAsDictionaryEntries,1477,Variable
IConductivitySignalConditionSetType_ConductivityMeasuringMethod_ValueAsText,1478,Variable
PhSignalType_SignalConditionSet_SensorSterilisationsCounter,1479,Variable
PhSignalType_SignalConditionSet_SensingElementTemperature,1480,Variable
IConductivitySignalConditionSetType_TemperatureCompensationStyle_EnumDictionaryEntries,1481,Variable
PhSignalType_SignalConditionSet_PhMeasuringMethod_EnumDictionaryEntries,1482,Variable
IConductivitySignalConditionSetType_TemperatureCompensationStyle_EnumValues,1483,Variable
PhSignalType_SignalConditionSet_PhMeasuringMethod_EnumValues,1484,Variable
PhSignalType_SignalConditionSet_PhMeasuringMethod_ValueAsDictionaryEntries,1485,Variable
PhSignalType_SignalConditionSet_PhMeasuringMethod_ValueAsText,1486,Variable
PhSignalType_SignalConditionSet_SensingElementImpedance_EngineeringUnits,1487,Variable
IConductivitySignalConditionSetType_TemperatureCompensationStyle_ValueAsDictionaryEntries,1488,Variable
PhSignalType_SignalConditionSet_SensorNextCalibration_EngineeringUnits,1489,Variable
PhSignalType_SignalConditionSet_SensorReferenceImpedance_EngineeringUnits,1490,Variable
PhSignalType_SignalConditionSet_SensingElementTemperature_EngineeringUnits,1491,Variable
IConductivitySignalConditionSetType_TemperatureCompensationStyle_ValueAsText,1492,Variable
ConductivitySignalType_S_SignalCalibrationIdentifier__ConductivityCellConstant,1493,Variable
ConductivitySignalType_S_SignalCalibrationIdentifier__ConductivityCellConstant_EngineeringUnits,1494,Variable
ConductivitySignalType_SignalConditionSet_ConductivityMeasuringMethod,1495,Variable
ConductivitySignalType_SignalConditionSet_SensorCleaningsCounter,1496,Variable
ConductivitySignalType_SignalConditionSet_SensorSterilisationsCounter,1497,Variable
ConductivitySignalType_SignalConditionSet_SensingElementTemperature,1498,Variable
ConductivitySignalType_SignalConditionSet_TemperatureCompensationStyle,1499,Variable
ConductivitySignalType_SignalConditionSet_ConductivityMeasuringMethod_EnumDictionaryEntries,1500,Variable
ConductivitySignalType_SignalConditionSet_ConductivityMeasuringMethod_EnumValues,1501,Variable
ConductivitySignalType_SignalConditionSet_ConductivityMeasuringMethod_ValueAsDictionaryEntries,1502,Variable
ConductivitySignalType_SignalConditionSet_ConductivityMeasuringMethod_ValueAsText,1503,Variable
ConductivitySignalType_SignalConditionSet_SensingElementTemperature_EngineeringUnits,1504,Variable
IConductivityCalibrationType_ConductivityCellConstant,1505,Variable
ConductivitySignalType_SignalConditionSet_TemperatureCompensationStyle_EnumDictionaryEntries,1506,Variable
IAmperometricCalibrationType_AbsoluteAirPressure,1507,Variable
ConductivitySignalType_SignalConditionSet_TemperatureCompensationStyle_EnumValues,1508,Variable
ConductivitySignalType_SignalConditionSet_TemperatureCompensationStyle_ValueAsDictionaryEntries,1509,Variable
IAmperometricCalibrationType_SensorT90,1510,Variable
IAmperometricCalibrationType_AmperometricSensorZeroPoint,1511,Variable
CalibrationPointType_CalibrationSetpoint,1512,Variable
CalibrationPointType_CalibrationActualValue,1513,Variable
ConductivitySignalType_SignalConditionSet_TemperatureCompensationStyle_ValueAsText,1514,Variable
PatDictionaryEnum_EnumValues,1515,Variable
IOpticalFluorescenseQuenchingCalibrationType_AbsoluteAirPressure,1516,Variable
IOpticalFluorescenseQuenchingCalibrationType_OpticalFluorescenseQuenchingSensorSlope,1517,Variable
IOpticalFluorescenseQuenchingCalibrationType_OpticalFluorescenseQuenchingSensorZeroPoint,1518,Variable
IOpticalFluorescenseQuenchingCalibrationType_SensorT90,1519,Variable
IOpticalFluorescenseQuenchingSignalConditionSetType_SensorCleaningsCounter,1520,Variable
IOpticalFluorescenseQuenchingSignalConditionSetType_SensorNextCalibration,1521,Variable
IOpticalFluorescenseQuenchingSignalConditionSetType_SensorSterilisationsCounter,1522,Variable
IOpticalFluorescenseQuenchingSignalConditionSetType_SensingElementTemperature,1523,Variable
INonDispersiveInfraredSignalConditionSetType_AbsoluteSampleGasPressure_EngineeringUnits,1524,Variable
INonDispersiveInfraredSignalConditionSetType_SampleCellTemperature_EngineeringUnits,1525,Variable
INonDispersiveInfraredSignalConditionSetType_ChopperFrequencyDeviation_EngineeringUnits,1526,Variable
ITocSignalConditionSetType_ChopperFrequencyDeviation_EngineeringUnits,1527,Variable
GeneralDeviceConditionSetType_InternalTemperature,1528,Variable
GeneralDeviceConditionSetType_ResidualLife,1529,Variable
ITocSignalConditionSetType_SampleCellTemperature_EngineeringUnits,1530,Variable
ITocSignalConditionSetType_DetectorZeroSignal_EngineeringUnits,1531,Variable
ITocSignalConditionSetType_RelativeReagentLevel_EngineeringUnits,1532,Variable
ITocSignalConditionSetType_AbsoluteSampleGasPressure_EngineeringUnits,1533,Variable
ITocSignalConditionSetType_SampleGasVolumeFlow_EngineeringUnits,1534,Variable
IPhCalibrationType_SensorAsymmetryPotential_EngineeringUnits,1535,Variable
IPhCalibrationType_SensorSlope_EngineeringUnits,1536,Variable
IConductivityCalibrationType_ConductivityCellConstant_EngineeringUnits,1537,Variable
IAmperometricCalibrationType_AmperometricSensorSlope_EngineeringUnits,1538,Variable
IAmperometricCalibrationType_AmperometricSensorZeroPoint_EngineeringUnits,1539,Variable
IAmperometricCalibrationType_AbsoluteAirPressure_EngineeringUnits,1540,Variable
IOpticalFluorescenseQuenchingCalibrationType_AbsoluteAirPressure_EngineeringUnits,1541,Variable
IOpticalFluorescenseQuenchingCalibrationType_OpticalFluorescenseQuenchingSensorSlope_EngineeringUnits,1542,Variable
IOpticalFluorescenseQuenchingCalibrationType_OpticalFluorescenseQuenchingSensorZeroPoint_EngineeringUnits,1543,Variable
IParamagneticSignalConditionSetType_SampleTemperature_EngineeringUnits,1544,Variable
IParamagneticSignalConditionSetType_SensingElementTemperature_EngineeringUnits,1545,Variable
IThermalConductivitySignalConditionSetType_SampleTemperature_EngineeringUnits,1546,Variable
ITunableDiodeLaserSignalConditionSetType_AbsoluteSampleGasPressure_EngineeringUnits,1547,Variable
ITunableDiodeLaserSignalConditionSetType_SampleTemperature_EngineeringUnits,1548,Variable
ITunableDiodeLaserSignalConditionSetType_LaserTemperature_EngineeringUnits,1549,Variable
IZirconiumDioxideSignalConditionSetType_SampleGasVolumeFlow_EngineeringUnits,1550,Variable
IZirconiumDioxideSignalConditionSetType_SensingElementTemperature_EngineeringUnits,1551,Variable
IPhSignalConditionSetType_SensingElementTemperature_EngineeringUnits,1552,Variable
IPhSignalConditionSetType_SensorNextCalibration_EngineeringUnits,1553,Variable
ITocDeviceConditionSetType_ActualInjectedVolume_EngineeringUnits,1554,Variable
IPhSignalConditionSetType_SensingElementImpedance_EngineeringUnits,1555,Variable
IPhSignalConditionSetType_SensorReferenceImpedance_EngineeringUnits,1556,Variable
IConductivitySignalConditionSetType_SensingElementTemperature_EngineeringUnits,1557,Variable
IAmperometricSignalConditionSetType_SensingElementTemperature_EngineeringUnits,1558,Variable
IAmperometricSignalConditionSetType_SensorNextCalibration_EngineeringUnits,1559,Variable
IOpticalFluorescenseQuenchingSignalConditionSetType_SensingElementTemperature_EngineeringUnits,1560,Variable
IOpticalFluorescenseQuenchingSignalConditionSetType_SensorNextCalibration_EngineeringUnits,1561,Variable
PatMeasurementVariableType_PatMatrixDescription,1562,Variable
PatMeasurementVariableType_PatMeasurandDescription,1563,Variable
GeneralDeviceConditionSetType_InternalTemperature_EngineeringUnits,1564,Variable
ITocDeviceConditionSetType_CarrierGasGaugePressure_EngineeringUnits,1565,Variable
ITocDeviceConditionSetType_CarrierGasVolumeFlow_EngineeringUnits,1566,Variable
ITocDeviceConditionSetType_CoolerTemperature_EngineeringUnits,1567,Variable
ITocDeviceConditionSetType_ReactorTemperature_EngineeringUnits,1568,Variable
ITocDeviceConditionSetType_ReferenceInjectionVolume_EngineeringUnits,1569,Variable
ITocDeviceConditionSetType_SampleWaterVolumeFlow_EngineeringUnits,1570,Variable
IFlameIonisationDeviceConditionSetType_BlockTemperature_EngineeringUnits,1571,Variable
IFlameIonisationDeviceConditionSetType_CatalystTemperature_EngineeringUnits,1572,Variable
IFlameIonisationDeviceConditionSetType_CombustionAirPressure_EngineeringUnits,1573,Variable
IFlameIonisationDeviceConditionSetType_FuelGasPressure_EngineeringUnits,1574,Variable
ICalibrationType_TypeOfCalibration_EnumDictionaryEntries,1575,Variable
ICalibrationType_TypeOfCalibration_EnumValues,1576,Variable
ICalibrationType_TypeOfCalibration_ValueAsDictionaryEntries,1577,Variable
ICalibrationType_TypeOfCalibration_ValueAsText,1578,Variable
